Uuid,Void/Retire,Mappings|SAME-AS|EIS-820,Fully specified name:es,Fully specified name:en,Short name:es,Description:es,Data class,Data type,Answers,Members,_version:1,_order:1150
e8200001-0000-4000-8000-000000000001,,PREVISION-1,Previsión EIS 1 - FONASA,Previsión EIS 1 - FONASA,FONASA,Código 1 del catálogo Previsión de EIS 820.,Misc,N/A,,,,
e8200001-0000-4000-8000-000000000002,,PREVISION-2,Previsión EIS 2 - ISAPRE,Previsión EIS 2 - ISAPRE,ISAPRE,Código 2 del catálogo Previsión de EIS 820.,Misc,N/A,,,,
e8200001-0000-4000-8000-000000000003,,PREVISION-3,Previsión EIS 3 - CAPREDENA,Previsión EIS 3 - CAPREDENA,CAPREDENA,Código 3 del catálogo Previsión de EIS 820.,Misc,N/A,,,,
e8200001-0000-4000-8000-000000000004,,PREVISION-4,Previsión EIS 4 - DIPRECA,Previsión EIS 4 - DIPRECA,DIPRECA,Código 4 del catálogo Previsión de EIS 820.,Misc,N/A,,,,
e8200001-0000-4000-8000-000000000005,,PREVISION-5,Previsión EIS 5 - SISA,Previsión EIS 5 - SISA,SISA,Código 5 del catálogo Previsión de EIS 820.,Misc,N/A,,,,
e8200001-0000-4000-8000-000000000096,,PREVISION-96,Previsión EIS 96 - Ninguna,Previsión EIS 96 - Ninguna,Ninguna,Código 96 del catálogo Previsión de EIS 820.,Misc,N/A,,,,
e8200001-0000-4000-8000-000000000099,,PREVISION-99,Previsión EIS 99 - Desconocido,Previsión EIS 99 - Desconocido,Desconocido,Código 99 del catálogo Previsión de EIS 820.,Misc,N/A,,,,
27d277f1-1f5b-4f9a-a111-820000000005,,,Previsión básica EIS,Previsión básica EIS,Previsión básica,Clasificación previsional vigente para el registro inicial; no representa por sí sola una cobertura FHIR.,Misc,Coded,e8200001-0000-4000-8000-000000000001;e8200001-0000-4000-8000-000000000002;e8200001-0000-4000-8000-000000000003;e8200001-0000-4000-8000-000000000004;e8200001-0000-4000-8000-000000000005;e8200001-0000-4000-8000-000000000096;e8200001-0000-4000-8000-000000000099,,,
0cc425b6-2335-55f3-b62b-6e9e6df5ca9e,,ISO3166-1-004,País ISO 3166-1 004 - AFGANISTÁN,País ISO 3166-1 004 - AFGANISTÁN,AFGANISTÁN,Código numérico 004 del vocabulario EIS 820 basado en ISO 3166-1.,Misc,N/A,,,,
a010425d-075c-5f22-b0a3-d9dcb1223333,,ISO3166-1-008,País ISO 3166-1 008 - ALBANIA,País ISO 3166-1 008 - ALBANIA,ALBANIA,Código numérico 008 del vocabulario EIS 820 basado en ISO 3166-1.,Misc,N/A,,,,
d289fde4-1d7d-5e67-90c0-8cd3f4c1d63a,,ISO3166-1-010,País ISO 3166-1 010 - ANTÁRTIDA,País ISO 3166-1 010 - ANTÁRTIDA,ANTÁRTIDA,Código numérico 010 del vocabulario EIS 820 basado en ISO 3166-1.,Misc,N/A,,,,
3a3e14eb-4a76-54d9-98a7-ac83ad05d719,,ISO3166-1-012,País ISO 3166-1 012 - ARGEL,País ISO 3166-1 012 - ARGEL,ARGEL,Código numérico 012 del vocabulario EIS 820 basado en ISO 3166-1.,Misc,N/A,,,,
98963594-338e-5684-b053-a2f1fa4e1c22,,ISO3166-1-016,País ISO 3166-1 016 - SAMOA AMERICANA,País ISO 3166-1 016 - SAMOA AMERICANA,SAMOA AMERICANA,Código numérico 016 del vocabulario EIS 820 basado en ISO 3166-1.,Misc,N/A,,,,
c9ca8c6b-9dfb-52c7-a202-877fcd28b0e4,,ISO3166-1-020,País ISO 3166-1 020 - ANDORRA,País ISO 3166-1 020 - ANDORRA,ANDORRA,Código numérico 020 del vocabulario EIS 820 basado en ISO 3166-1.,Misc,N/A,,,,
a477cead-1560-5f29-a8d2-a5eac16a3512,,ISO3166-1-024,País ISO 3166-1 024 - ANGOLA,País ISO 3166-1 024 - ANGOLA,ANGOLA,Código numérico 024 del vocabulario EIS 820 basado en ISO 3166-1.,Misc,N/A,,,,
0f0c6ad9-2d6c-528b-834b-584cb3ae76ee,,ISO3166-1-028,País ISO 3166-1 028 - ANTIGUA Y BARBUDA,País ISO 3166-1 028 - ANTIGUA Y BARBUDA,ANTIGUA Y BARBUDA,Código numérico 028 del vocabulario EIS 820 basado en ISO 3166-1.,Misc,N/A,,,,
60c0b414-4b90-5be9-a481-efc2a192e80c,,ISO3166-1-031,País ISO 3166-1 031 - AZERBAIYÁN,País ISO 3166-1 031 - AZERBAIYÁN,AZERBAIYÁN,Código numérico 031 del vocabulario EIS 820 basado en ISO 3166-1.,Misc,N/A,,,,
8cd6d39d-72ba-5351-ba82-6194c478cff4,,ISO3166-1-032,País ISO 3166-1 032 - ARGENTINA,País ISO 3166-1 032 - ARGENTINA,ARGENTINA,Código numérico 032 del vocabulario EIS 820 basado en ISO 3166-1.,Misc,N/A,,,,
32ebdc6c-a1d6-51d0-a204-d19ac4b15252,,ISO3166-1-036,País ISO 3166-1 036 - AUSTRALIA,País ISO 3166-1 036 - AUSTRALIA,AUSTRALIA,Código numérico 036 del vocabulario EIS 820 basado en ISO 3166-1.,Misc,N/A,,,,
e051da21-6645-592a-9391-a02295b874c6,,ISO3166-1-040,País ISO 3166-1 040 - AUSTRIA,País ISO 3166-1 040 - AUSTRIA,AUSTRIA,Código numérico 040 del vocabulario EIS 820 basado en ISO 3166-1.,Misc,N/A,,,,
08003c30-80e6-538e-a06c-16d5cbbc4441,,ISO3166-1-044,País ISO 3166-1 044 - BAHAMAS,País ISO 3166-1 044 - BAHAMAS,BAHAMAS,Código numérico 044 del vocabulario EIS 820 basado en ISO 3166-1.,Misc,N/A,,,,
31419b70-f7eb-548d-81c9-3deebc462ec2,,ISO3166-1-048,País ISO 3166-1 048 - BAHRÉIN,País ISO 3166-1 048 - BAHRÉIN,BAHRÉIN,Código numérico 048 del vocabulario EIS 820 basado en ISO 3166-1.,Misc,N/A,,,,
81121580-bd94-5b7d-939e-7c92315032ca,,ISO3166-1-050,País ISO 3166-1 050 - BANGLADESH,País ISO 3166-1 050 - BANGLADESH,BANGLADESH,Código numérico 050 del vocabulario EIS 820 basado en ISO 3166-1.,Misc,N/A,,,,
a560ddbb-16fa-5ccd-9d7c-f52165a994ad,,ISO3166-1-051,País ISO 3166-1 051 - ARMENIA,País ISO 3166-1 051 - ARMENIA,ARMENIA,Código numérico 051 del vocabulario EIS 820 basado en ISO 3166-1.,Misc,N/A,,,,
6d5a4a3d-7fac-55b8-9745-ac25cbdd0c1a,,ISO3166-1-052,País ISO 3166-1 052 - BARBADOS,País ISO 3166-1 052 - BARBADOS,BARBADOS,Código numérico 052 del vocabulario EIS 820 basado en ISO 3166-1.,Misc,N/A,,,,
f75414a9-35dd-5f19-8144-2b10b76e31a0,,ISO3166-1-056,País ISO 3166-1 056 - BÉLGICA,País ISO 3166-1 056 - BÉLGICA,BÉLGICA,Código numérico 056 del vocabulario EIS 820 basado en ISO 3166-1.,Misc,N/A,,,,
fe80befa-da5e-5b63-8acf-fe3fe641f53f,,ISO3166-1-060,País ISO 3166-1 060 - BERMUDAS,País ISO 3166-1 060 - BERMUDAS,BERMUDAS,Código numérico 060 del vocabulario EIS 820 basado en ISO 3166-1.,Misc,N/A,,,,
d19b4003-9c13-54f6-acd8-fa16322ab341,,ISO3166-1-064,País ISO 3166-1 064 - BHUTÁN,País ISO 3166-1 064 - BHUTÁN,BHUTÁN,Código numérico 064 del vocabulario EIS 820 basado en ISO 3166-1.,Misc,N/A,,,,
7e31769f-7818-5ee7-93fe-ac89c59f8d86,,ISO3166-1-068,País ISO 3166-1 068 - BOLIVIA,País ISO 3166-1 068 - BOLIVIA,BOLIVIA,Código numérico 068 del vocabulario EIS 820 basado en ISO 3166-1.,Misc,N/A,,,,
1f865f11-2e52-52b6-b4e9-586b21b9287f,,ISO3166-1-070,País ISO 3166-1 070 - BOSNIA Y HERZEGOVINA,País ISO 3166-1 070 - BOSNIA Y HERZEGOVINA,BOSNIA Y HERZEGOVINA,Código numérico 070 del vocabulario EIS 820 basado en ISO 3166-1.,Misc,N/A,,,,
14dbc27f-8508-50b2-9057-755a342ce057,,ISO3166-1-072,País ISO 3166-1 072 - BOTSUANA,País ISO 3166-1 072 - BOTSUANA,BOTSUANA,Código numérico 072 del vocabulario EIS 820 basado en ISO 3166-1.,Misc,N/A,,,,
a8ba9975-1003-5448-ba8e-f6a0b45c365d,,ISO3166-1-074,País ISO 3166-1 074 - ISLA BOUVET,País ISO 3166-1 074 - ISLA BOUVET,ISLA BOUVET,Código numérico 074 del vocabulario EIS 820 basado en ISO 3166-1.,Misc,N/A,,,,
05e13af8-01dd-531c-a868-05fdec721c59,,ISO3166-1-076,País ISO 3166-1 076 - BRASIL,País ISO 3166-1 076 - BRASIL,BRASIL,Código numérico 076 del vocabulario EIS 820 basado en ISO 3166-1.,Misc,N/A,,,,
1871bfdd-37a7-51e5-ad71-2296dd66d8ec,,ISO3166-1-084,País ISO 3166-1 084 - BELICE,País ISO 3166-1 084 - BELICE,BELICE,Código numérico 084 del vocabulario EIS 820 basado en ISO 3166-1.,Misc,N/A,,,,
0e65f1a8-5877-5160-bfc2-1af151701c40,,ISO3166-1-086,País ISO 3166-1 086 - TERRITORIO BRITÁNICO DEL OCÉANO ÍNDICO,País ISO 3166-1 086 - TERRITORIO BRITÁNICO DEL OCÉANO ÍNDICO,TERRITORIO BRITÁNICO DEL OCÉANO ÍNDICO,Código numérico 086 del vocabulario EIS 820 basado en ISO 3166-1.,Misc,N/A,,,,
377c48e5-6b1b-58d4-aa80-063d4795ba5d,,ISO3166-1-090,País ISO 3166-1 090 - ISLAS SOLOMÓN,País ISO 3166-1 090 - ISLAS SOLOMÓN,ISLAS SOLOMÓN,Código numérico 090 del vocabulario EIS 820 basado en ISO 3166-1.,Misc,N/A,,,,
469c04de-eafb-5277-9f93-d00f277a6ed1,,ISO3166-1-092,País ISO 3166-1 092 - ISLAS VÍRGENES BRITÁNICAS,País ISO 3166-1 092 - ISLAS VÍRGENES BRITÁNICAS,ISLAS VÍRGENES BRITÁNICAS,Código numérico 092 del vocabulario EIS 820 basado en ISO 3166-1.,Misc,N/A,,,,
c1e98fde-9433-5cc4-b226-5620062bf53b,,ISO3166-1-096,País ISO 3166-1 096 - BRUNÉI,País ISO 3166-1 096 - BRUNÉI,BRUNÉI,Código numérico 096 del vocabulario EIS 820 basado en ISO 3166-1.,Misc,N/A,,,,
a66cb3f5-39f7-529f-9d28-e94e377e06fa,,ISO3166-1-100,País ISO 3166-1 100 - BULGARIA,País ISO 3166-1 100 - BULGARIA,BULGARIA,Código numérico 100 del vocabulario EIS 820 basado en ISO 3166-1.,Misc,N/A,,,,
05ad6922-5886-51a1-a425-3fa7856bb679,,ISO3166-1-104,País ISO 3166-1 104 - MYANMAR,País ISO 3166-1 104 - MYANMAR,MYANMAR,Código numérico 104 del vocabulario EIS 820 basado en ISO 3166-1.,Misc,N/A,,,,
b0160091-f485-5fcf-a40b-768df147fb8c,,ISO3166-1-108,País ISO 3166-1 108 - BURUNDI,País ISO 3166-1 108 - BURUNDI,BURUNDI,Código numérico 108 del vocabulario EIS 820 basado en ISO 3166-1.,Misc,N/A,,,,
632e42f8-aef0-57e4-8423-e759262fca75,,ISO3166-1-112,País ISO 3166-1 112 - BELARÚS,País ISO 3166-1 112 - BELARÚS,BELARÚS,Código numérico 112 del vocabulario EIS 820 basado en ISO 3166-1.,Misc,N/A,,,,
5176a245-afc0-56e3-975d-53f3aadc3cab,,ISO3166-1-116,País ISO 3166-1 116 - CAMBOYA,País ISO 3166-1 116 - CAMBOYA,CAMBOYA,Código numérico 116 del vocabulario EIS 820 basado en ISO 3166-1.,Misc,N/A,,,,
ab36e91e-d108-5dbc-a501-c3a038bd8729,,ISO3166-1-120,País ISO 3166-1 120 - CAMERÚN,País ISO 3166-1 120 - CAMERÚN,CAMERÚN,Código numérico 120 del vocabulario EIS 820 basado en ISO 3166-1.,Misc,N/A,,,,
fa216c52-67b2-5fdd-abe3-5c94367420e8,,ISO3166-1-124,País ISO 3166-1 124 - CANADÁ,País ISO 3166-1 124 - CANADÁ,CANADÁ,Código numérico 124 del vocabulario EIS 820 basado en ISO 3166-1.,Misc,N/A,,,,
f4dbb298-34e6-55a7-ac30-31eb5574e9be,,ISO3166-1-132,País ISO 3166-1 132 - CABO VERDE,País ISO 3166-1 132 - CABO VERDE,CABO VERDE,Código numérico 132 del vocabulario EIS 820 basado en ISO 3166-1.,Misc,N/A,,,,
cf884dc7-5d99-5b15-ab77-a73d52b1a963,,ISO3166-1-136,País ISO 3166-1 136 - ISLAS CAIMÁN,País ISO 3166-1 136 - ISLAS CAIMÁN,ISLAS CAIMÁN,Código numérico 136 del vocabulario EIS 820 basado en ISO 3166-1.,Misc,N/A,,,,
0baa01f6-ca93-5d54-8f64-f2da69d16ee0,,ISO3166-1-140,País ISO 3166-1 140 - REPÚBLICA CENTRO-AFRICANA,País ISO 3166-1 140 - REPÚBLICA CENTRO-AFRICANA,REPÚBLICA CENTRO-AFRICANA,Código numérico 140 del vocabulario EIS 820 basado en ISO 3166-1.,Misc,N/A,,,,
a7ff1a0f-b16c-57ff-941c-40e22cde9c8c,,ISO3166-1-144,País ISO 3166-1 144 - SRI LANKA,País ISO 3166-1 144 - SRI LANKA,SRI LANKA,Código numérico 144 del vocabulario EIS 820 basado en ISO 3166-1.,Misc,N/A,,,,
edd2131f-afe8-5a25-b750-12e1341e579a,,ISO3166-1-148,País ISO 3166-1 148 - CHAD,País ISO 3166-1 148 - CHAD,CHAD,Código numérico 148 del vocabulario EIS 820 basado en ISO 3166-1.,Misc,N/A,,,,
a0ce3eb9-dec4-56d4-8056-25f902cfc409,,ISO3166-1-152,País ISO 3166-1 152 - CHILE,País ISO 3166-1 152 - CHILE,CHILE,Código numérico 152 del vocabulario EIS 820 basado en ISO 3166-1.,Misc,N/A,,,,
34593d2a-ce05-5ac4-ae6a-b21cf74cdd52,,ISO3166-1-156,País ISO 3166-1 156 - CHINA,País ISO 3166-1 156 - CHINA,CHINA,Código numérico 156 del vocabulario EIS 820 basado en ISO 3166-1.,Misc,N/A,,,,
690f85f4-ec09-5de0-a5a4-5fd466cfd44f,,ISO3166-1-158,País ISO 3166-1 158 - TAIWÁN,País ISO 3166-1 158 - TAIWÁN,TAIWÁN,Código numérico 158 del vocabulario EIS 820 basado en ISO 3166-1.,Misc,N/A,,,,
ad492e46-b685-5056-b510-7afed64c956e,,ISO3166-1-162,País ISO 3166-1 162 - ISLAS CHRISTMAS,País ISO 3166-1 162 - ISLAS CHRISTMAS,ISLAS CHRISTMAS,Código numérico 162 del vocabulario EIS 820 basado en ISO 3166-1.,Misc,N/A,,,,
2cdd01b3-592b-593d-ad01-62a293835a47,,ISO3166-1-166,País ISO 3166-1 166 - ISLAS COCOS,País ISO 3166-1 166 - ISLAS COCOS,ISLAS COCOS,Código numérico 166 del vocabulario EIS 820 basado en ISO 3166-1.,Misc,N/A,,,,
af95ea3a-0450-5f0b-8df4-3ac3a80f768c,,ISO3166-1-170,País ISO 3166-1 170 - COLOMBIA,País ISO 3166-1 170 - COLOMBIA,COLOMBIA,Código numérico 170 del vocabulario EIS 820 basado en ISO 3166-1.,Misc,N/A,,,,
290a4a63-cc30-56d2-b060-921caf18669c,,ISO3166-1-174,País ISO 3166-1 174 - COMOROS,País ISO 3166-1 174 - COMOROS,COMOROS,Código numérico 174 del vocabulario EIS 820 basado en ISO 3166-1.,Misc,N/A,,,,
256dd183-5c1b-5e56-b1d1-baf90b2f9069,,ISO3166-1-175,País ISO 3166-1 175 - MAYOTTE,País ISO 3166-1 175 - MAYOTTE,MAYOTTE,Código numérico 175 del vocabulario EIS 820 basado en ISO 3166-1.,Misc,N/A,,,,
06dc10d4-2951-509c-a7cd-ab9cddfc2af5,,ISO3166-1-178,País ISO 3166-1 178 - CONGO,País ISO 3166-1 178 - CONGO,CONGO,Código numérico 178 del vocabulario EIS 820 basado en ISO 3166-1.,Misc,N/A,,,,
5a4c593d-0dcf-59b0-95c7-cd7eba262e6d,,ISO3166-1-180,País ISO 3166-1 180 - REPUBLICA DEMOCRATICA DEL CONGO,País ISO 3166-1 180 - REPUBLICA DEMOCRATICA DEL CONGO,REPUBLICA DEMOCRATICA DEL CONGO,Código numérico 180 del vocabulario EIS 820 basado en ISO 3166-1.,Misc,N/A,,,,
a721f86e-441a-536f-80be-23b784750136,,ISO3166-1-184,País ISO 3166-1 184 - ISLAS COOK,País ISO 3166-1 184 - ISLAS COOK,ISLAS COOK,Código numérico 184 del vocabulario EIS 820 basado en ISO 3166-1.,Misc,N/A,,,,
e6574772-23c2-5631-9dd7-6f766d592563,,ISO3166-1-188,País ISO 3166-1 188 - COSTA RICA,País ISO 3166-1 188 - COSTA RICA,COSTA RICA,Código numérico 188 del vocabulario EIS 820 basado en ISO 3166-1.,Misc,N/A,,,,
c0f165e4-f748-5b58-af16-bfc419098ef4,,ISO3166-1-191,País ISO 3166-1 191 - CROACIA,País ISO 3166-1 191 - CROACIA,CROACIA,Código numérico 191 del vocabulario EIS 820 basado en ISO 3166-1.,Misc,N/A,,,,
6f658f26-2d1f-5184-9ed6-aa64eda25b5c,,ISO3166-1-192,País ISO 3166-1 192 - CUBA,País ISO 3166-1 192 - CUBA,CUBA,Código numérico 192 del vocabulario EIS 820 basado en ISO 3166-1.,Misc,N/A,,,,
4ee2c9b3-b141-549b-960e-16170fd3bb62,,ISO3166-1-196,País ISO 3166-1 196 - CHIPRE,País ISO 3166-1 196 - CHIPRE,CHIPRE,Código numérico 196 del vocabulario EIS 820 basado en ISO 3166-1.,Misc,N/A,,,,
6427eaaf-401f-5852-8f41-b58020e6f97e,,ISO3166-1-203,País ISO 3166-1 203 - REPÚBLICA CHECA,País ISO 3166-1 203 - REPÚBLICA CHECA,REPÚBLICA CHECA,Código numérico 203 del vocabulario EIS 820 basado en ISO 3166-1.,Misc,N/A,,,,
edcaa33f-e42f-551c-9eb5-2c0fabee4450,,ISO3166-1-204,País ISO 3166-1 204 - BENIN,País ISO 3166-1 204 - BENIN,BENIN,Código numérico 204 del vocabulario EIS 820 basado en ISO 3166-1.,Misc,N/A,,,,
51006125-185c-533d-87a8-5497885e2aea,,ISO3166-1-208,País ISO 3166-1 208 - DINAMARCA,País ISO 3166-1 208 - DINAMARCA,DINAMARCA,Código numérico 208 del vocabulario EIS 820 basado en ISO 3166-1.,Misc,N/A,,,,
3b3adedd-b124-5811-a71a-c83ad691cff6,,ISO3166-1-212,País ISO 3166-1 212 - DOMÍNICA,País ISO 3166-1 212 - DOMÍNICA,DOMÍNICA,Código numérico 212 del vocabulario EIS 820 basado en ISO 3166-1.,Misc,N/A,,,,
c428e313-0030-5574-a4ca-220a318c4968,,ISO3166-1-214,País ISO 3166-1 214 - REPÚBLICA DOMINICANA,País ISO 3166-1 214 - REPÚBLICA DOMINICANA,REPÚBLICA DOMINICANA,Código numérico 214 del vocabulario EIS 820 basado en ISO 3166-1.,Misc,N/A,,,,
52425ea4-a511-55f7-8282-4da66ea9e836,,ISO3166-1-218,País ISO 3166-1 218 - ECUADOR,País ISO 3166-1 218 - ECUADOR,ECUADOR,Código numérico 218 del vocabulario EIS 820 basado en ISO 3166-1.,Misc,N/A,,,,
5825c0bc-c527-53f0-a7ec-602cc0e53a15,,ISO3166-1-222,País ISO 3166-1 222 - EL SALVADOR,País ISO 3166-1 222 - EL SALVADOR,EL SALVADOR,Código numérico 222 del vocabulario EIS 820 basado en ISO 3166-1.,Misc,N/A,,,,
d6fd916e-ba15-5cf7-a087-7053062f5c47,,ISO3166-1-226,País ISO 3166-1 226 - GUINEA ECUATORIAL,País ISO 3166-1 226 - GUINEA ECUATORIAL,GUINEA ECUATORIAL,Código numérico 226 del vocabulario EIS 820 basado en ISO 3166-1.,Misc,N/A,,,,
95cfcbb1-6a0f-5bf2-b10c-d2f2b0251d18,,ISO3166-1-231,País ISO 3166-1 231 - ETIOPÍA,País ISO 3166-1 231 - ETIOPÍA,ETIOPÍA,Código numérico 231 del vocabulario EIS 820 basado en ISO 3166-1.,Misc,N/A,,,,
f34ad8fe-ddd5-5ca1-87a7-160c6799c846,,ISO3166-1-232,País ISO 3166-1 232 - ERITREA,País ISO 3166-1 232 - ERITREA,ERITREA,Código numérico 232 del vocabulario EIS 820 basado en ISO 3166-1.,Misc,N/A,,,,
6d4b1327-d908-5166-ab82-d6a29880199b,,ISO3166-1-233,País ISO 3166-1 233 - ESTONIA,País ISO 3166-1 233 - ESTONIA,ESTONIA,Código numérico 233 del vocabulario EIS 820 basado en ISO 3166-1.,Misc,N/A,,,,
60e4a47d-4d59-5ceb-b7ef-02856599f5f3,,ISO3166-1-234,País ISO 3166-1 234 - ISLAS FAROE,País ISO 3166-1 234 - ISLAS FAROE,ISLAS FAROE,Código numérico 234 del vocabulario EIS 820 basado en ISO 3166-1.,Misc,N/A,,,,
5aea0a6c-a80d-5433-9be4-4d98195dce8c,,ISO3166-1-238,País ISO 3166-1 238 - ISLAS MALVINAS,País ISO 3166-1 238 - ISLAS MALVINAS,ISLAS MALVINAS,Código numérico 238 del vocabulario EIS 820 basado en ISO 3166-1.,Misc,N/A,,,,
7c3189b7-e2e1-52b3-8fa7-24bae8f25a25,,ISO3166-1-239,País ISO 3166-1 239 - GEORGIA DEL SUR E ISLAS SANDWICH DEL SUR,País ISO 3166-1 239 - GEORGIA DEL SUR E ISLAS SANDWICH DEL SUR,GEORGIA DEL SUR E ISLAS SANDWICH DEL SUR,Código numérico 239 del vocabulario EIS 820 basado en ISO 3166-1.,Misc,N/A,,,,
c188fa6a-b369-51f8-b0b6-113b38a49839,,ISO3166-1-242,País ISO 3166-1 242 - FIJI,País ISO 3166-1 242 - FIJI,FIJI,Código numérico 242 del vocabulario EIS 820 basado en ISO 3166-1.,Misc,N/A,,,,
7c78a644-6dc0-5d3f-a093-bddbb6857846,,ISO3166-1-246,País ISO 3166-1 246 - FINLANDIA,País ISO 3166-1 246 - FINLANDIA,FINLANDIA,Código numérico 246 del vocabulario EIS 820 basado en ISO 3166-1.,Misc,N/A,,,,
eb57ead6-0303-5108-a0c6-f7fe6e0387e5,,ISO3166-1-248,País ISO 3166-1 248 - ISLAS ÁLAND,País ISO 3166-1 248 - ISLAS ÁLAND,ISLAS ÁLAND,Código numérico 248 del vocabulario EIS 820 basado en ISO 3166-1.,Misc,N/A,,,,
93a89a14-7b15-5239-bd6a-e242e5752aef,,ISO3166-1-250,País ISO 3166-1 250 - FRANCIA,País ISO 3166-1 250 - FRANCIA,FRANCIA,Código numérico 250 del vocabulario EIS 820 basado en ISO 3166-1.,Misc,N/A,,,,
e3021d6b-5996-57b9-8ccf-39524bf12bcb,,ISO3166-1-254,País ISO 3166-1 254 - GUAYANA FRANCESA,País ISO 3166-1 254 - GUAYANA FRANCESA,GUAYANA FRANCESA,Código numérico 254 del vocabulario EIS 820 basado en ISO 3166-1.,Misc,N/A,,,,
6a2884fd-c5fa-50c0-b219-ef2b696bb2e2,,ISO3166-1-258,País ISO 3166-1 258 - POLINESIA FRANCESA,País ISO 3166-1 258 - POLINESIA FRANCESA,POLINESIA FRANCESA,Código numérico 258 del vocabulario EIS 820 basado en ISO 3166-1.,Misc,N/A,,,,
b9d61f9a-4192-5f46-bcc7-9c9cdc105c07,,ISO3166-1-260,País ISO 3166-1 260 - TERRITORIOS AUSTRALES FRANCESES,País ISO 3166-1 260 - TERRITORIOS AUSTRALES FRANCESES,TERRITORIOS AUSTRALES FRANCESES,Código numérico 260 del vocabulario EIS 820 basado en ISO 3166-1.,Misc,N/A,,,,
1b723e3e-bbda-5d74-bdc5-e26139b01e1e,,ISO3166-1-262,País ISO 3166-1 262 - YIBUTI,País ISO 3166-1 262 - YIBUTI,YIBUTI,Código numérico 262 del vocabulario EIS 820 basado en ISO 3166-1.,Misc,N/A,,,,
8418e611-1258-5f2e-8e60-880c8e457080,,ISO3166-1-266,País ISO 3166-1 266 - GABÓN,País ISO 3166-1 266 - GABÓN,GABÓN,Código numérico 266 del vocabulario EIS 820 basado en ISO 3166-1.,Misc,N/A,,,,
6e6b8b22-407e-5b0e-a3ed-e3195e70ccff,,ISO3166-1-268,País ISO 3166-1 268 - GEORGIA,País ISO 3166-1 268 - GEORGIA,GEORGIA,Código numérico 268 del vocabulario EIS 820 basado en ISO 3166-1.,Misc,N/A,,,,
584849ed-4df4-5dc6-88d0-a315981d3c25,,ISO3166-1-270,País ISO 3166-1 270 - GAMBIA,País ISO 3166-1 270 - GAMBIA,GAMBIA,Código numérico 270 del vocabulario EIS 820 basado en ISO 3166-1.,Misc,N/A,,,,
c7d8842c-8b42-5435-8bfd-a054b1a9459b,,ISO3166-1-275,País ISO 3166-1 275 - PALESTINA,País ISO 3166-1 275 - PALESTINA,PALESTINA,Código numérico 275 del vocabulario EIS 820 basado en ISO 3166-1.,Misc,N/A,,,,
595c2d63-57c3-58c7-b306-9784d4733087,,ISO3166-1-276,País ISO 3166-1 276 - ALEMANIA,País ISO 3166-1 276 - ALEMANIA,ALEMANIA,Código numérico 276 del vocabulario EIS 820 basado en ISO 3166-1.,Misc,N/A,,,,
7e794124-3ae3-5a27-843a-07bfb61f7b5c,,ISO3166-1-288,País ISO 3166-1 288 - GHANA,País ISO 3166-1 288 - GHANA,GHANA,Código numérico 288 del vocabulario EIS 820 basado en ISO 3166-1.,Misc,N/A,,,,
b0fcd6eb-ed9b-583a-b86a-b666c907a199,,ISO3166-1-292,País ISO 3166-1 292 - GIBRALTAR,País ISO 3166-1 292 - GIBRALTAR,GIBRALTAR,Código numérico 292 del vocabulario EIS 820 basado en ISO 3166-1.,Misc,N/A,,,,
fe8ffe8c-3777-5b28-9366-bded6742e809,,ISO3166-1-296,País ISO 3166-1 296 - KIRIBATI,País ISO 3166-1 296 - KIRIBATI,KIRIBATI,Código numérico 296 del vocabulario EIS 820 basado en ISO 3166-1.,Misc,N/A,,,,
c9a54284-73e2-59d2-95f6-5b7012141038,,ISO3166-1-300,País ISO 3166-1 300 - GRECIA,País ISO 3166-1 300 - GRECIA,GRECIA,Código numérico 300 del vocabulario EIS 820 basado en ISO 3166-1.,Misc,N/A,,,,
57b7a1f3-d2f2-5d5f-91a3-e999f490113d,,ISO3166-1-304,País ISO 3166-1 304 - GROENLANDIA,País ISO 3166-1 304 - GROENLANDIA,GROENLANDIA,Código numérico 304 del vocabulario EIS 820 basado en ISO 3166-1.,Misc,N/A,,,,
187c7f68-1886-546f-8111-1bb4755146cc,,ISO3166-1-308,País ISO 3166-1 308 - GRANADA,País ISO 3166-1 308 - GRANADA,GRANADA,Código numérico 308 del vocabulario EIS 820 basado en ISO 3166-1.,Misc,N/A,,,,
a1c90763-fb06-5696-9742-40c701403fd4,,ISO3166-1-312,País ISO 3166-1 312 - GUADALUPE,País ISO 3166-1 312 - GUADALUPE,GUADALUPE,Código numérico 312 del vocabulario EIS 820 basado en ISO 3166-1.,Misc,N/A,,,,
3388a315-d52a-5211-8aa5-88fd42259598,,ISO3166-1-316,País ISO 3166-1 316 - GUAM,País ISO 3166-1 316 - GUAM,GUAM,Código numérico 316 del vocabulario EIS 820 basado en ISO 3166-1.,Misc,N/A,,,,
1e2047a9-a0e3-55c0-ae9c-f2c457d45173,,ISO3166-1-320,País ISO 3166-1 320 - GUATEMALA,País ISO 3166-1 320 - GUATEMALA,GUATEMALA,Código numérico 320 del vocabulario EIS 820 basado en ISO 3166-1.,Misc,N/A,,,,
882097ab-76a7-56e4-8533-eebce977f9ba,,ISO3166-1-324,País ISO 3166-1 324 - GUINEA,País ISO 3166-1 324 - GUINEA,GUINEA,Código numérico 324 del vocabulario EIS 820 basado en ISO 3166-1.,Misc,N/A,,,,
99c00201-9905-529c-a6b7-0e091a3384fd,,ISO3166-1-328,País ISO 3166-1 328 - GUAYANA,País ISO 3166-1 328 - GUAYANA,GUAYANA,Código numérico 328 del vocabulario EIS 820 basado en ISO 3166-1.,Misc,N/A,,,,
33dec213-cdcc-5a5a-a74d-fd895dceb404,,ISO3166-1-332,País ISO 3166-1 332 - HAITÍ,País ISO 3166-1 332 - HAITÍ,HAITÍ,Código numérico 332 del vocabulario EIS 820 basado en ISO 3166-1.,Misc,N/A,,,,
d211b251-3b8a-5d15-b0b5-67fb27ef30cc,,ISO3166-1-334,País ISO 3166-1 334 - ISLAS HEARD Y MCDONALD,País ISO 3166-1 334 - ISLAS HEARD Y MCDONALD,ISLAS HEARD Y MCDONALD,Código numérico 334 del vocabulario EIS 820 basado en ISO 3166-1.,Misc,N/A,,,,
2618e1ec-fdc4-5ed7-9a82-59c90a650256,,ISO3166-1-336,País ISO 3166-1 336 - CIUDAD DEL VATICANO,País ISO 3166-1 336 - CIUDAD DEL VATICANO,CIUDAD DEL VATICANO,Código numérico 336 del vocabulario EIS 820 basado en ISO 3166-1.,Misc,N/A,,,,
426256cb-3459-5ed7-8691-f5e821696517,,ISO3166-1-340,País ISO 3166-1 340 - HONDURAS,País ISO 3166-1 340 - HONDURAS,HONDURAS,Código numérico 340 del vocabulario EIS 820 basado en ISO 3166-1.,Misc,N/A,,,,
f9a29901-f65e-5dd6-a52f-c074897fc204,,ISO3166-1-344,País ISO 3166-1 344 - HONG KONG,País ISO 3166-1 344 - HONG KONG,HONG KONG,Código numérico 344 del vocabulario EIS 820 basado en ISO 3166-1.,Misc,N/A,,,,
4b226a1a-5726-576d-a509-5ec5f6ab528c,,ISO3166-1-348,País ISO 3166-1 348 - HUNGRÍA,País ISO 3166-1 348 - HUNGRÍA,HUNGRÍA,Código numérico 348 del vocabulario EIS 820 basado en ISO 3166-1.,Misc,N/A,,,,
fcb41e85-aea6-53ec-9d82-39d7b5e2ac35,,ISO3166-1-352,País ISO 3166-1 352 - ISLANDIA,País ISO 3166-1 352 - ISLANDIA,ISLANDIA,Código numérico 352 del vocabulario EIS 820 basado en ISO 3166-1.,Misc,N/A,,,,
8c72f803-5702-5910-926f-7554eba27930,,ISO3166-1-356,País ISO 3166-1 356 - INDIA,País ISO 3166-1 356 - INDIA,INDIA,Código numérico 356 del vocabulario EIS 820 basado en ISO 3166-1.,Misc,N/A,,,,
7d5b8913-d27a-5cce-969e-b75a5c7036e4,,ISO3166-1-360,País ISO 3166-1 360 - INDONESIA,País ISO 3166-1 360 - INDONESIA,INDONESIA,Código numérico 360 del vocabulario EIS 820 basado en ISO 3166-1.,Misc,N/A,,,,
c6e27ed1-257b-594b-bd10-b651ce91d5df,,ISO3166-1-364,País ISO 3166-1 364 - IRÁN,País ISO 3166-1 364 - IRÁN,IRÁN,Código numérico 364 del vocabulario EIS 820 basado en ISO 3166-1.,Misc,N/A,,,,
818dca1c-de2f-5c02-9a17-abee32b343cb,,ISO3166-1-368,País ISO 3166-1 368 - IRAK,País ISO 3166-1 368 - IRAK,IRAK,Código numérico 368 del vocabulario EIS 820 basado en ISO 3166-1.,Misc,N/A,,,,
acac7dc5-2738-5c6c-905c-b4b8dde52ed3,,ISO3166-1-372,País ISO 3166-1 372 - IRLANDA,País ISO 3166-1 372 - IRLANDA,IRLANDA,Código numérico 372 del vocabulario EIS 820 basado en ISO 3166-1.,Misc,N/A,,,,
8d621708-907e-5bef-82a1-ebbc3a670bfd,,ISO3166-1-376,País ISO 3166-1 376 - ISRAEL,País ISO 3166-1 376 - ISRAEL,ISRAEL,Código numérico 376 del vocabulario EIS 820 basado en ISO 3166-1.,Misc,N/A,,,,
a889b694-b076-5fae-a8e8-6160a4ca3de0,,ISO3166-1-380,País ISO 3166-1 380 - ITALIA,País ISO 3166-1 380 - ITALIA,ITALIA,Código numérico 380 del vocabulario EIS 820 basado en ISO 3166-1.,Misc,N/A,,,,
9cd2caec-0a93-583f-b776-d34c6c51c497,,ISO3166-1-384,País ISO 3166-1 384 - COSTA DE MARFIL,País ISO 3166-1 384 - COSTA DE MARFIL,COSTA DE MARFIL,Código numérico 384 del vocabulario EIS 820 basado en ISO 3166-1.,Misc,N/A,,,,
a76a9337-a82a-52e7-a899-06d90b0d8f0e,,ISO3166-1-388,País ISO 3166-1 388 - JAMAICA,País ISO 3166-1 388 - JAMAICA,JAMAICA,Código numérico 388 del vocabulario EIS 820 basado en ISO 3166-1.,Misc,N/A,,,,
e13248e7-be5c-56b1-b481-55a2f0b3d346,,ISO3166-1-392,País ISO 3166-1 392 - JAPÓN,País ISO 3166-1 392 - JAPÓN,JAPÓN,Código numérico 392 del vocabulario EIS 820 basado en ISO 3166-1.,Misc,N/A,,,,
1c4ab26f-4221-513c-b0d3-0e8db489868d,,ISO3166-1-398,País ISO 3166-1 398 - KAZAJSTÁN,País ISO 3166-1 398 - KAZAJSTÁN,KAZAJSTÁN,Código numérico 398 del vocabulario EIS 820 basado en ISO 3166-1.,Misc,N/A,,,,
9a46312d-1b7e-53c7-8db7-0872e3e0be47,,ISO3166-1-400,País ISO 3166-1 400 - JORDANIA,País ISO 3166-1 400 - JORDANIA,JORDANIA,Código numérico 400 del vocabulario EIS 820 basado en ISO 3166-1.,Misc,N/A,,,,
acacee4e-8896-5483-bc90-c7628227e06d,,ISO3166-1-404,País ISO 3166-1 404 - KENIA,País ISO 3166-1 404 - KENIA,KENIA,Código numérico 404 del vocabulario EIS 820 basado en ISO 3166-1.,Misc,N/A,,,,
8e01897e-e577-57ab-9556-f12386ba31eb,,ISO3166-1-408,País ISO 3166-1 408 - COREA DEL NORTE,País ISO 3166-1 408 - COREA DEL NORTE,COREA DEL NORTE,Código numérico 408 del vocabulario EIS 820 basado en ISO 3166-1.,Misc,N/A,,,,
1759c99e-9b47-5e1f-8bc0-c8acdcf22841,,ISO3166-1-410,País ISO 3166-1 410 - COREA DEL SUR,País ISO 3166-1 410 - COREA DEL SUR,COREA DEL SUR,Código numérico 410 del vocabulario EIS 820 basado en ISO 3166-1.,Misc,N/A,,,,
9969ed34-3cde-5bcf-9312-4c0f90b1322a,,ISO3166-1-414,País ISO 3166-1 414 - KUWAIT,País ISO 3166-1 414 - KUWAIT,KUWAIT,Código numérico 414 del vocabulario EIS 820 basado en ISO 3166-1.,Misc,N/A,,,,
93b6aa8e-edd9-5fd7-a7a1-6d0cb7b6bdc2,,ISO3166-1-417,País ISO 3166-1 417 - KIRGUISTÁN,País ISO 3166-1 417 - KIRGUISTÁN,KIRGUISTÁN,Código numérico 417 del vocabulario EIS 820 basado en ISO 3166-1.,Misc,N/A,,,,
3236eb29-f648-5f40-9f77-7d22f488e009,,ISO3166-1-418,País ISO 3166-1 418 - LAOS,País ISO 3166-1 418 - LAOS,LAOS,Código numérico 418 del vocabulario EIS 820 basado en ISO 3166-1.,Misc,N/A,,,,
74741fbf-fca1-5a2e-ac49-b560e6a7ad55,,ISO3166-1-422,País ISO 3166-1 422 - LÍBANO,País ISO 3166-1 422 - LÍBANO,LÍBANO,Código numérico 422 del vocabulario EIS 820 basado en ISO 3166-1.,Misc,N/A,,,,
e597276c-e391-53ed-9511-696d2c1f5a1f,,ISO3166-1-426,País ISO 3166-1 426 - LESOTHO,País ISO 3166-1 426 - LESOTHO,LESOTHO,Código numérico 426 del vocabulario EIS 820 basado en ISO 3166-1.,Misc,N/A,,,,
01e7687c-ef29-5adc-80b1-55ca1edf4abd,,ISO3166-1-428,País ISO 3166-1 428 - LETONIA,País ISO 3166-1 428 - LETONIA,LETONIA,Código numérico 428 del vocabulario EIS 820 basado en ISO 3166-1.,Misc,N/A,,,,
141e02d6-da50-590d-9c36-5e8881e4790a,,ISO3166-1-430,País ISO 3166-1 430 - LIBERIA,País ISO 3166-1 430 - LIBERIA,LIBERIA,Código numérico 430 del vocabulario EIS 820 basado en ISO 3166-1.,Misc,N/A,,,,
faa6d598-a4ec-5ff1-ba72-093e33c1e849,,ISO3166-1-434,País ISO 3166-1 434 - LIBIA,País ISO 3166-1 434 - LIBIA,LIBIA,Código numérico 434 del vocabulario EIS 820 basado en ISO 3166-1.,Misc,N/A,,,,
acc712d5-a2b0-5fb2-b443-52c04c36cf23,,ISO3166-1-438,País ISO 3166-1 438 - LIECHTENSTEIN,País ISO 3166-1 438 - LIECHTENSTEIN,LIECHTENSTEIN,Código numérico 438 del vocabulario EIS 820 basado en ISO 3166-1.,Misc,N/A,,,,
caf97128-5356-564a-bb2d-51bb15e1a996,,ISO3166-1-440,País ISO 3166-1 440 - LITUANIA,País ISO 3166-1 440 - LITUANIA,LITUANIA,Código numérico 440 del vocabulario EIS 820 basado en ISO 3166-1.,Misc,N/A,,,,
01749856-97d3-5835-8c0c-0f9306dd968c,,ISO3166-1-442,País ISO 3166-1 442 - LUXEMBURGO,País ISO 3166-1 442 - LUXEMBURGO,LUXEMBURGO,Código numérico 442 del vocabulario EIS 820 basado en ISO 3166-1.,Misc,N/A,,,,
5961a85d-ae7d-50fb-ba39-54504659d59a,,ISO3166-1-446,País ISO 3166-1 446 - MACAO,País ISO 3166-1 446 - MACAO,MACAO,Código numérico 446 del vocabulario EIS 820 basado en ISO 3166-1.,Misc,N/A,,,,
f8be60ff-a103-5b34-9fa1-716a11552052,,ISO3166-1-450,País ISO 3166-1 450 - MADAGASCAR,País ISO 3166-1 450 - MADAGASCAR,MADAGASCAR,Código numérico 450 del vocabulario EIS 820 basado en ISO 3166-1.,Misc,N/A,,,,
99705966-cca5-5459-aef1-5888c23cee6e,,ISO3166-1-454,País ISO 3166-1 454 - MALAWI,País ISO 3166-1 454 - MALAWI,MALAWI,Código numérico 454 del vocabulario EIS 820 basado en ISO 3166-1.,Misc,N/A,,,,
016159a4-0099-589a-bd98-97fd8c5b5a32,,ISO3166-1-458,País ISO 3166-1 458 - MALASIA,País ISO 3166-1 458 - MALASIA,MALASIA,Código numérico 458 del vocabulario EIS 820 basado en ISO 3166-1.,Misc,N/A,,,,
2792f04c-744e-5016-970c-626d0c045e25,,ISO3166-1-462,País ISO 3166-1 462 - MALDIVAS,País ISO 3166-1 462 - MALDIVAS,MALDIVAS,Código numérico 462 del vocabulario EIS 820 basado en ISO 3166-1.,Misc,N/A,,,,
b6908429-33c5-53a6-96ed-87e3711ae4a3,,ISO3166-1-466,País ISO 3166-1 466 - MALI,País ISO 3166-1 466 - MALI,MALI,Código numérico 466 del vocabulario EIS 820 basado en ISO 3166-1.,Misc,N/A,,,,
de044caa-ca19-5ae1-8ab4-f0fe065247be,,ISO3166-1-470,País ISO 3166-1 470 - MALTA,País ISO 3166-1 470 - MALTA,MALTA,Código numérico 470 del vocabulario EIS 820 basado en ISO 3166-1.,Misc,N/A,,,,
f16316ba-ce8c-5349-99a5-be869376d0d0,,ISO3166-1-474,País ISO 3166-1 474 - MARTINICA,País ISO 3166-1 474 - MARTINICA,MARTINICA,Código numérico 474 del vocabulario EIS 820 basado en ISO 3166-1.,Misc,N/A,,,,
a3bdfdef-929a-5ab7-bb26-39832fde8db3,,ISO3166-1-478,País ISO 3166-1 478 - MAURITANIA,País ISO 3166-1 478 - MAURITANIA,MAURITANIA,Código numérico 478 del vocabulario EIS 820 basado en ISO 3166-1.,Misc,N/A,,,,
d00a6750-f8af-5b27-8282-d3f6840f4f87,,ISO3166-1-480,País ISO 3166-1 480 - MAURICIO,País ISO 3166-1 480 - MAURICIO,MAURICIO,Código numérico 480 del vocabulario EIS 820 basado en ISO 3166-1.,Misc,N/A,,,,
d5bbe5dc-8cc0-534d-b7b2-3b2bb6a47551,,ISO3166-1-484,País ISO 3166-1 484 - MÉXICO,País ISO 3166-1 484 - MÉXICO,MÉXICO,Código numérico 484 del vocabulario EIS 820 basado en ISO 3166-1.,Misc,N/A,,,,
644a6da0-bcb9-5bcf-b906-bfe1efea6d51,,ISO3166-1-492,País ISO 3166-1 492 - MÓNACO,País ISO 3166-1 492 - MÓNACO,MÓNACO,Código numérico 492 del vocabulario EIS 820 basado en ISO 3166-1.,Misc,N/A,,,,
40953b52-1135-5521-8be9-b197f3f8f677,,ISO3166-1-496,País ISO 3166-1 496 - MONGOLIA,País ISO 3166-1 496 - MONGOLIA,MONGOLIA,Código numérico 496 del vocabulario EIS 820 basado en ISO 3166-1.,Misc,N/A,,,,
87cddd98-78d9-52aa-9496-d1444b5fccef,,ISO3166-1-498,País ISO 3166-1 498 - MOLDOVA,País ISO 3166-1 498 - MOLDOVA,MOLDOVA,Código numérico 498 del vocabulario EIS 820 basado en ISO 3166-1.,Misc,N/A,,,,
fcfefaa0-1758-5e1c-b15b-d3d604c4c8ce,,ISO3166-1-499,País ISO 3166-1 499 - MONTENEGRO,País ISO 3166-1 499 - MONTENEGRO,MONTENEGRO,Código numérico 499 del vocabulario EIS 820 basado en ISO 3166-1.,Misc,N/A,,,,
deb0f665-8adc-5822-9e10-6d5397a24e61,,ISO3166-1-500,País ISO 3166-1 500 - MONTSERRAT,País ISO 3166-1 500 - MONTSERRAT,MONTSERRAT,Código numérico 500 del vocabulario EIS 820 basado en ISO 3166-1.,Misc,N/A,,,,
3643e335-3a24-5948-8d10-f993d3a53eda,,ISO3166-1-504,País ISO 3166-1 504 - MARRUECOS,País ISO 3166-1 504 - MARRUECOS,MARRUECOS,Código numérico 504 del vocabulario EIS 820 basado en ISO 3166-1.,Misc,N/A,,,,
c25f0fdf-b2f7-5ab3-bcac-14ee08662cfd,,ISO3166-1-508,País ISO 3166-1 508 - MOZAMBIQUE,País ISO 3166-1 508 - MOZAMBIQUE,MOZAMBIQUE,Código numérico 508 del vocabulario EIS 820 basado en ISO 3166-1.,Misc,N/A,,,,
6501c513-ec3f-5e13-9f14-74a056d274eb,,ISO3166-1-512,País ISO 3166-1 512 - OMÁN,País ISO 3166-1 512 - OMÁN,OMÁN,Código numérico 512 del vocabulario EIS 820 basado en ISO 3166-1.,Misc,N/A,,,,
ae1c9df7-c654-5299-9d04-8372c233c4e0,,ISO3166-1-516,País ISO 3166-1 516 - NAMIBIA,País ISO 3166-1 516 - NAMIBIA,NAMIBIA,Código numérico 516 del vocabulario EIS 820 basado en ISO 3166-1.,Misc,N/A,,,,
925d422e-5b3d-5879-9a26-63db42ae7ba2,,ISO3166-1-520,País ISO 3166-1 520 - NAURU,País ISO 3166-1 520 - NAURU,NAURU,Código numérico 520 del vocabulario EIS 820 basado en ISO 3166-1.,Misc,N/A,,,,
753af9c3-ac5a-5880-80f4-d50745ad8f51,,ISO3166-1-524,País ISO 3166-1 524 - NEPAL,País ISO 3166-1 524 - NEPAL,NEPAL,Código numérico 524 del vocabulario EIS 820 basado en ISO 3166-1.,Misc,N/A,,,,
ac43fd47-6553-543b-8a9f-aa665daf373f,,ISO3166-1-528,País ISO 3166-1 528 - PAÍSES BAJOS,País ISO 3166-1 528 - PAÍSES BAJOS,PAÍSES BAJOS,Código numérico 528 del vocabulario EIS 820 basado en ISO 3166-1.,Misc,N/A,,,,
bccfd35d-3b25-5c91-ab71-d4955aaeb6a4,,ISO3166-1-530,País ISO 3166-1 530 - ANTILLAS NEERLANDESAS,País ISO 3166-1 530 - ANTILLAS NEERLANDESAS,ANTILLAS NEERLANDESAS,Código numérico 530 del vocabulario EIS 820 basado en ISO 3166-1.,Misc,N/A,,,,
08afb46e-6177-58f4-9f63-69bc0a121fc8,,ISO3166-1-532,País ISO 3166-1 532 - CURAZAO,País ISO 3166-1 532 - CURAZAO,CURAZAO,Código numérico 532 del vocabulario EIS 820 basado en ISO 3166-1.,Misc,N/A,,,,
da3628bb-be29-5586-84a2-d94afe476fd0,,ISO3166-1-533,País ISO 3166-1 533 - ARUBA,País ISO 3166-1 533 - ARUBA,ARUBA,Código numérico 533 del vocabulario EIS 820 basado en ISO 3166-1.,Misc,N/A,,,,
b4bc607a-e1c1-5070-9e5f-533d600ce4bc,,ISO3166-1-534,País ISO 3166-1 534 - SAN MARTÍN (PARTE HOLANDESA),País ISO 3166-1 534 - SAN MARTÍN (PARTE HOLANDESA),SAN MARTÍN (PARTE HOLANDESA),Código numérico 534 del vocabulario EIS 820 basado en ISO 3166-1.,Misc,N/A,,,,
f0c7f6df-b3ed-5908-9c87-dec0aef9a04a,,ISO3166-1-535,"País ISO 3166-1 535 - BONAIRE, SAN EUSTAQUIO Y SABA","País ISO 3166-1 535 - BONAIRE, SAN EUSTAQUIO Y SABA","BONAIRE, SAN EUSTAQUIO Y SABA",Código numérico 535 del vocabulario EIS 820 basado en ISO 3166-1.,Misc,N/A,,,,
49fcfe8d-0028-52b6-8cc1-d4d153ca4858,,ISO3166-1-540,País ISO 3166-1 540 - NUEVA CALEDONIA,País ISO 3166-1 540 - NUEVA CALEDONIA,NUEVA CALEDONIA,Código numérico 540 del vocabulario EIS 820 basado en ISO 3166-1.,Misc,N/A,,,,
2005b58a-23b1-5575-af85-cbd866de7f35,,ISO3166-1-548,País ISO 3166-1 548 - VANUATU,País ISO 3166-1 548 - VANUATU,VANUATU,Código numérico 548 del vocabulario EIS 820 basado en ISO 3166-1.,Misc,N/A,,,,
b543e32e-57a0-5d55-906d-3e06935e1ec8,,ISO3166-1-554,País ISO 3166-1 554 - NUEVA ZELANDA,País ISO 3166-1 554 - NUEVA ZELANDA,NUEVA ZELANDA,Código numérico 554 del vocabulario EIS 820 basado en ISO 3166-1.,Misc,N/A,,,,
3d6f0813-b959-5b29-883a-25cc34dfc436,,ISO3166-1-558,País ISO 3166-1 558 - NICARAGUA,País ISO 3166-1 558 - NICARAGUA,NICARAGUA,Código numérico 558 del vocabulario EIS 820 basado en ISO 3166-1.,Misc,N/A,,,,
fd86c2ac-0a02-569e-9256-15cb7170e1f8,,ISO3166-1-562,País ISO 3166-1 562 - NÍGER,País ISO 3166-1 562 - NÍGER,NÍGER,Código numérico 562 del vocabulario EIS 820 basado en ISO 3166-1.,Misc,N/A,,,,
8deb247f-1853-50e4-ad23-43299ec3257f,,ISO3166-1-566,País ISO 3166-1 566 - NIGERIA,País ISO 3166-1 566 - NIGERIA,NIGERIA,Código numérico 566 del vocabulario EIS 820 basado en ISO 3166-1.,Misc,N/A,,,,
873891e3-f61d-53ab-a51a-b1932b14d692,,ISO3166-1-570,País ISO 3166-1 570 - NIUE,País ISO 3166-1 570 - NIUE,NIUE,Código numérico 570 del vocabulario EIS 820 basado en ISO 3166-1.,Misc,N/A,,,,
d655b1ff-008e-5462-9b44-9b354e09dd84,,ISO3166-1-574,País ISO 3166-1 574 - ISLAS NORKFOLK,País ISO 3166-1 574 - ISLAS NORKFOLK,ISLAS NORKFOLK,Código numérico 574 del vocabulario EIS 820 basado en ISO 3166-1.,Misc,N/A,,,,
2c900337-d6cc-53b0-bfb4-e75a12d8340a,,ISO3166-1-578,País ISO 3166-1 578 - NORUEGA,País ISO 3166-1 578 - NORUEGA,NORUEGA,Código numérico 578 del vocabulario EIS 820 basado en ISO 3166-1.,Misc,N/A,,,,
696c7c98-455c-5608-8af3-2e239d1db78b,,ISO3166-1-580,País ISO 3166-1 580 - ISLAS MARIANAS DEL NORTE,País ISO 3166-1 580 - ISLAS MARIANAS DEL NORTE,ISLAS MARIANAS DEL NORTE,Código numérico 580 del vocabulario EIS 820 basado en ISO 3166-1.,Misc,N/A,,,,
69ea817b-f883-5638-aee4-299de48c8c0b,,ISO3166-1-581,País ISO 3166-1 581 - ISLAS ULTRAMARIANAS MENORES DE LOS ESTADOS UNIDOS,País ISO 3166-1 581 - ISLAS ULTRAMARIANAS MENORES DE LOS ESTADOS UNIDOS,ISLAS ULTRAMARIANAS MENORES DE LOS ESTADOS UNIDOS,Código numérico 581 del vocabulario EIS 820 basado en ISO 3166-1.,Misc,N/A,,,,
e699c0ce-f32e-5088-91f0-767b60d9d035,,ISO3166-1-583,País ISO 3166-1 583 - MICRONESIA,País ISO 3166-1 583 - MICRONESIA,MICRONESIA,Código numérico 583 del vocabulario EIS 820 basado en ISO 3166-1.,Misc,N/A,,,,
1f7817fa-8c6b-5354-b963-e1ca29f4467d,,ISO3166-1-584,País ISO 3166-1 584 - ISLAS MARSHALL,País ISO 3166-1 584 - ISLAS MARSHALL,ISLAS MARSHALL,Código numérico 584 del vocabulario EIS 820 basado en ISO 3166-1.,Misc,N/A,,,,
19fe2f0a-6a17-5ede-990e-d2843b47478f,,ISO3166-1-585,País ISO 3166-1 585 - ISLAS PALAOS,País ISO 3166-1 585 - ISLAS PALAOS,ISLAS PALAOS,Código numérico 585 del vocabulario EIS 820 basado en ISO 3166-1.,Misc,N/A,,,,
4c233e18-d6c4-5469-a63b-a2babf7f78ac,,ISO3166-1-586,País ISO 3166-1 586 - PAKISTÁN,País ISO 3166-1 586 - PAKISTÁN,PAKISTÁN,Código numérico 586 del vocabulario EIS 820 basado en ISO 3166-1.,Misc,N/A,,,,
92fb1acc-4775-5d4b-aa9e-acb60c310b13,,ISO3166-1-591,País ISO 3166-1 591 - PANAMÁ,País ISO 3166-1 591 - PANAMÁ,PANAMÁ,Código numérico 591 del vocabulario EIS 820 basado en ISO 3166-1.,Misc,N/A,,,,
6c24c090-599c-5d9f-b274-e9a232ca06ee,,ISO3166-1-598,País ISO 3166-1 598 - PAPÚA NUEVA GUINEA,País ISO 3166-1 598 - PAPÚA NUEVA GUINEA,PAPÚA NUEVA GUINEA,Código numérico 598 del vocabulario EIS 820 basado en ISO 3166-1.,Misc,N/A,,,,
f127d332-3839-5939-8705-f76769bdd4ad,,ISO3166-1-600,País ISO 3166-1 600 - PARAGUAY,País ISO 3166-1 600 - PARAGUAY,PARAGUAY,Código numérico 600 del vocabulario EIS 820 basado en ISO 3166-1.,Misc,N/A,,,,
e651a637-86a0-55c5-afea-c86df86d3317,,ISO3166-1-604,País ISO 3166-1 604 - PERÚ,País ISO 3166-1 604 - PERÚ,PERÚ,Código numérico 604 del vocabulario EIS 820 basado en ISO 3166-1.,Misc,N/A,,,,
4795cc90-03ce-54a1-892b-d959d91a1239,,ISO3166-1-608,País ISO 3166-1 608 - FILIPINAS,País ISO 3166-1 608 - FILIPINAS,FILIPINAS,Código numérico 608 del vocabulario EIS 820 basado en ISO 3166-1.,Misc,N/A,,,,
c1dd7526-f636-5219-9410-9395fc5ef1d5,,ISO3166-1-612,País ISO 3166-1 612 - ISLAS PITCAIRN,País ISO 3166-1 612 - ISLAS PITCAIRN,ISLAS PITCAIRN,Código numérico 612 del vocabulario EIS 820 basado en ISO 3166-1.,Misc,N/A,,,,
7f5525b6-134c-5aef-9ccf-38eff2150e46,,ISO3166-1-616,País ISO 3166-1 616 - POLONIA,País ISO 3166-1 616 - POLONIA,POLONIA,Código numérico 616 del vocabulario EIS 820 basado en ISO 3166-1.,Misc,N/A,,,,
1465741c-5be8-5fc1-a1c3-5b47743fd9e0,,ISO3166-1-620,País ISO 3166-1 620 - PORTUGAL,País ISO 3166-1 620 - PORTUGAL,PORTUGAL,Código numérico 620 del vocabulario EIS 820 basado en ISO 3166-1.,Misc,N/A,,,,
cbd983bb-b49f-58ec-85ae-aaed55e5e53d,,ISO3166-1-624,País ISO 3166-1 624 - GUINEA-BISSAU,País ISO 3166-1 624 - GUINEA-BISSAU,GUINEA-BISSAU,Código numérico 624 del vocabulario EIS 820 basado en ISO 3166-1.,Misc,N/A,,,,
5444884c-b9dc-5095-8c98-a8fcbcd249ce,,ISO3166-1-626,País ISO 3166-1 626 - TIMOR-LESTE,País ISO 3166-1 626 - TIMOR-LESTE,TIMOR-LESTE,Código numérico 626 del vocabulario EIS 820 basado en ISO 3166-1.,Misc,N/A,,,,
7090c657-2294-5330-9ce0-3b4695e7f3c5,,ISO3166-1-630,País ISO 3166-1 630 - PUERTO RICO,País ISO 3166-1 630 - PUERTO RICO,PUERTO RICO,Código numérico 630 del vocabulario EIS 820 basado en ISO 3166-1.,Misc,N/A,,,,
77dad9a2-62f9-56e0-94d6-ebc7d94eb367,,ISO3166-1-634,País ISO 3166-1 634 - QATAR,País ISO 3166-1 634 - QATAR,QATAR,Código numérico 634 del vocabulario EIS 820 basado en ISO 3166-1.,Misc,N/A,,,,
c510a540-c4bf-5df3-960e-020b6a1d2e1a,,ISO3166-1-638,País ISO 3166-1 638 - REUNIÓN,País ISO 3166-1 638 - REUNIÓN,REUNIÓN,Código numérico 638 del vocabulario EIS 820 basado en ISO 3166-1.,Misc,N/A,,,,
10a111a3-6e79-5cd3-ada8-c595e26b51e4,,ISO3166-1-642,País ISO 3166-1 642 - RUMANÍA,País ISO 3166-1 642 - RUMANÍA,RUMANÍA,Código numérico 642 del vocabulario EIS 820 basado en ISO 3166-1.,Misc,N/A,,,,
b499d919-2d0b-5e9a-a943-5da7d8713374,,ISO3166-1-643,País ISO 3166-1 643 - RUSIA,País ISO 3166-1 643 - RUSIA,RUSIA,Código numérico 643 del vocabulario EIS 820 basado en ISO 3166-1.,Misc,N/A,,,,
62a59428-7d4b-5cd5-b2f8-0e74498c860a,,ISO3166-1-646,País ISO 3166-1 646 - RUANDA,País ISO 3166-1 646 - RUANDA,RUANDA,Código numérico 646 del vocabulario EIS 820 basado en ISO 3166-1.,Misc,N/A,,,,
0ff3dbba-f637-59d7-80f8-dfb3b0fc2ab7,,ISO3166-1-652,País ISO 3166-1 652 - SAN BARTOLOMÉ,País ISO 3166-1 652 - SAN BARTOLOMÉ,SAN BARTOLOMÉ,Código numérico 652 del vocabulario EIS 820 basado en ISO 3166-1.,Misc,N/A,,,,
2d2aec39-97f8-59f7-acdf-20356a4d9457,,ISO3166-1-654,País ISO 3166-1 654 - SANTA ELENA,País ISO 3166-1 654 - SANTA ELENA,SANTA ELENA,Código numérico 654 del vocabulario EIS 820 basado en ISO 3166-1.,Misc,N/A,,,,
a56d37f6-ef3c-5d05-965d-fce7a53006b0,,ISO3166-1-659,País ISO 3166-1 659 - SAN CRISTÓBAL Y NIEVES,País ISO 3166-1 659 - SAN CRISTÓBAL Y NIEVES,SAN CRISTÓBAL Y NIEVES,Código numérico 659 del vocabulario EIS 820 basado en ISO 3166-1.,Misc,N/A,,,,
6d8bfe52-7ecf-5619-b4ce-81456169e0af,,ISO3166-1-660,País ISO 3166-1 660 - ANGUILA,País ISO 3166-1 660 - ANGUILA,ANGUILA,Código numérico 660 del vocabulario EIS 820 basado en ISO 3166-1.,Misc,N/A,,,,
c6efeebe-6cd7-52e6-b4af-8112aba24cdd,,ISO3166-1-662,País ISO 3166-1 662 - SANTA LUCÍA,País ISO 3166-1 662 - SANTA LUCÍA,SANTA LUCÍA,Código numérico 662 del vocabulario EIS 820 basado en ISO 3166-1.,Misc,N/A,,,,
4ea0aa42-4847-53ce-8135-2c200ed68a28,,ISO3166-1-663,País ISO 3166-1 663 - SAN MARTÍN (PARTE FRANCESA),País ISO 3166-1 663 - SAN MARTÍN (PARTE FRANCESA),SAN MARTÍN (PARTE FRANCESA),Código numérico 663 del vocabulario EIS 820 basado en ISO 3166-1.,Misc,N/A,,,,
a9d7aa57-d786-514c-a79d-615979657baf,,ISO3166-1-666,País ISO 3166-1 666 - SAN PEDRO Y MIQUELÓN,País ISO 3166-1 666 - SAN PEDRO Y MIQUELÓN,SAN PEDRO Y MIQUELÓN,Código numérico 666 del vocabulario EIS 820 basado en ISO 3166-1.,Misc,N/A,,,,
95324ae9-249b-572b-b272-b27fd5e7e3a0,,ISO3166-1-670,País ISO 3166-1 670 - SAN VICENTE Y LAS GRANADINAS,País ISO 3166-1 670 - SAN VICENTE Y LAS GRANADINAS,SAN VICENTE Y LAS GRANADINAS,Código numérico 670 del vocabulario EIS 820 basado en ISO 3166-1.,Misc,N/A,,,,
8f2d7608-3b67-59b8-af65-166262f26ca7,,ISO3166-1-674,País ISO 3166-1 674 - SAN MARINO,País ISO 3166-1 674 - SAN MARINO,SAN MARINO,Código numérico 674 del vocabulario EIS 820 basado en ISO 3166-1.,Misc,N/A,,,,
d1f6ce91-eca8-5648-b501-6eaf6350e3cb,,ISO3166-1-678,País ISO 3166-1 678 - SANTO TOMÉ Y PRÍNCIPE,País ISO 3166-1 678 - SANTO TOMÉ Y PRÍNCIPE,SANTO TOMÉ Y PRÍNCIPE,Código numérico 678 del vocabulario EIS 820 basado en ISO 3166-1.,Misc,N/A,,,,
aad500a4-552e-5bd5-a772-a7a7e03ddad4,,ISO3166-1-682,País ISO 3166-1 682 - ARABIA SAUDITA,País ISO 3166-1 682 - ARABIA SAUDITA,ARABIA SAUDITA,Código numérico 682 del vocabulario EIS 820 basado en ISO 3166-1.,Misc,N/A,,,,
7ddbe830-21cd-579e-8880-807d564d9d99,,ISO3166-1-686,País ISO 3166-1 686 - SENEGAL,País ISO 3166-1 686 - SENEGAL,SENEGAL,Código numérico 686 del vocabulario EIS 820 basado en ISO 3166-1.,Misc,N/A,,,,
96635dfa-8eb7-5571-b4d9-e5c2b6fa683b,,ISO3166-1-688,País ISO 3166-1 688 - SERBIA,País ISO 3166-1 688 - SERBIA,SERBIA,Código numérico 688 del vocabulario EIS 820 basado en ISO 3166-1.,Misc,N/A,,,,
af306b20-0ddb-5b26-9e87-ed476ef98c14,,ISO3166-1-690,País ISO 3166-1 690 - SEYCHELLES,País ISO 3166-1 690 - SEYCHELLES,SEYCHELLES,Código numérico 690 del vocabulario EIS 820 basado en ISO 3166-1.,Misc,N/A,,,,
33803971-c7b5-5366-8a63-a4637dc0a048,,ISO3166-1-694,País ISO 3166-1 694 - SIERRA LEONA,País ISO 3166-1 694 - SIERRA LEONA,SIERRA LEONA,Código numérico 694 del vocabulario EIS 820 basado en ISO 3166-1.,Misc,N/A,,,,
fa4dd3f4-dc76-538c-a2b4-df749012a3bc,,ISO3166-1-702,País ISO 3166-1 702 - SINGAPUR,País ISO 3166-1 702 - SINGAPUR,SINGAPUR,Código numérico 702 del vocabulario EIS 820 basado en ISO 3166-1.,Misc,N/A,,,,
f51617f3-ddec-5d5a-a33a-222ee005d20c,,ISO3166-1-703,País ISO 3166-1 703 - ESLOVAQUIA,País ISO 3166-1 703 - ESLOVAQUIA,ESLOVAQUIA,Código numérico 703 del vocabulario EIS 820 basado en ISO 3166-1.,Misc,N/A,,,,
c44d8f08-a80d-5722-a7a0-4d6bc930ac37,,ISO3166-1-704,País ISO 3166-1 704 - VIETNAM,País ISO 3166-1 704 - VIETNAM,VIETNAM,Código numérico 704 del vocabulario EIS 820 basado en ISO 3166-1.,Misc,N/A,,,,
f7ae3731-4910-5045-b113-fb9052611ab0,,ISO3166-1-705,País ISO 3166-1 705 - ESLOVENIA,País ISO 3166-1 705 - ESLOVENIA,ESLOVENIA,Código numérico 705 del vocabulario EIS 820 basado en ISO 3166-1.,Misc,N/A,,,,
cc7999ce-11d4-5282-ad66-08e847e16320,,ISO3166-1-706,País ISO 3166-1 706 - SOMALIA,País ISO 3166-1 706 - SOMALIA,SOMALIA,Código numérico 706 del vocabulario EIS 820 basado en ISO 3166-1.,Misc,N/A,,,,
ce60a30e-48d7-5da8-a511-23b00bccd2b4,,ISO3166-1-710,País ISO 3166-1 710 - SUDÁFRICA,País ISO 3166-1 710 - SUDÁFRICA,SUDÁFRICA,Código numérico 710 del vocabulario EIS 820 basado en ISO 3166-1.,Misc,N/A,,,,
6e903e7b-912b-5451-9bb2-e6e197a3412b,,ISO3166-1-716,País ISO 3166-1 716 - ZIMBABWE,País ISO 3166-1 716 - ZIMBABWE,ZIMBABWE,Código numérico 716 del vocabulario EIS 820 basado en ISO 3166-1.,Misc,N/A,,,,
ff5e6eb9-8be5-52eb-95a3-afeb20479f10,,ISO3166-1-724,País ISO 3166-1 724 - ESPAÑA,País ISO 3166-1 724 - ESPAÑA,ESPAÑA,Código numérico 724 del vocabulario EIS 820 basado en ISO 3166-1.,Misc,N/A,,,,
8a105c86-f67f-5acd-a308-5151ed7b3899,,ISO3166-1-728,País ISO 3166-1 728 - SUDÁN DEL SUR,País ISO 3166-1 728 - SUDÁN DEL SUR,SUDÁN DEL SUR,Código numérico 728 del vocabulario EIS 820 basado en ISO 3166-1.,Misc,N/A,,,,
fec52233-0353-5de8-ae7f-625a15d4fab1,,ISO3166-1-729,País ISO 3166-1 729 - SUDÁN,País ISO 3166-1 729 - SUDÁN,SUDÁN,Código numérico 729 del vocabulario EIS 820 basado en ISO 3166-1.,Misc,N/A,,,,
b1c44874-6652-50b6-9ece-3920df941ae1,,ISO3166-1-732,País ISO 3166-1 732 - SAHARA OCCIDENTAL,País ISO 3166-1 732 - SAHARA OCCIDENTAL,SAHARA OCCIDENTAL,Código numérico 732 del vocabulario EIS 820 basado en ISO 3166-1.,Misc,N/A,,,,
79fb38d4-86c1-5b6b-a24b-fcbf5101215e,,ISO3166-1-740,País ISO 3166-1 740 - SURINAM,País ISO 3166-1 740 - SURINAM,SURINAM,Código numérico 740 del vocabulario EIS 820 basado en ISO 3166-1.,Misc,N/A,,,,
a87b2a66-af29-5616-a157-f5340280a29e,,ISO3166-1-744,País ISO 3166-1 744 - ISLAS SVALBARD Y JAN MAYEN,País ISO 3166-1 744 - ISLAS SVALBARD Y JAN MAYEN,ISLAS SVALBARD Y JAN MAYEN,Código numérico 744 del vocabulario EIS 820 basado en ISO 3166-1.,Misc,N/A,,,,
a426a55f-bed8-5d6b-9fc1-5ed821af516d,,ISO3166-1-748,País ISO 3166-1 748 - SUAZILANDIA,País ISO 3166-1 748 - SUAZILANDIA,SUAZILANDIA,Código numérico 748 del vocabulario EIS 820 basado en ISO 3166-1.,Misc,N/A,,,,
dcf1e99e-e56f-5514-98a8-225944748408,,ISO3166-1-752,País ISO 3166-1 752 - SUECIA,País ISO 3166-1 752 - SUECIA,SUECIA,Código numérico 752 del vocabulario EIS 820 basado en ISO 3166-1.,Misc,N/A,,,,
5c723787-2dbb-56cb-a0e5-3086f4b977ce,,ISO3166-1-756,País ISO 3166-1 756 - SUIZA,País ISO 3166-1 756 - SUIZA,SUIZA,Código numérico 756 del vocabulario EIS 820 basado en ISO 3166-1.,Misc,N/A,,,,
61179f05-4be1-5cc9-b17c-847c81a67a11,,ISO3166-1-760,País ISO 3166-1 760 - SIRIA,País ISO 3166-1 760 - SIRIA,SIRIA,Código numérico 760 del vocabulario EIS 820 basado en ISO 3166-1.,Misc,N/A,,,,
97a023e2-3ba0-50b9-ac36-d1a26df99ba3,,ISO3166-1-762,País ISO 3166-1 762 - TAYIKISTÁN,País ISO 3166-1 762 - TAYIKISTÁN,TAYIKISTÁN,Código numérico 762 del vocabulario EIS 820 basado en ISO 3166-1.,Misc,N/A,,,,
f3ea54e8-9d48-5a5e-bdd9-aedc31ab830b,,ISO3166-1-764,País ISO 3166-1 764 - TAILANDIA,País ISO 3166-1 764 - TAILANDIA,TAILANDIA,Código numérico 764 del vocabulario EIS 820 basado en ISO 3166-1.,Misc,N/A,,,,
2e6b9410-d406-5559-b18b-d8b5c52faa85,,ISO3166-1-768,País ISO 3166-1 768 - TOGO,País ISO 3166-1 768 - TOGO,TOGO,Código numérico 768 del vocabulario EIS 820 basado en ISO 3166-1.,Misc,N/A,,,,
42567ca1-e2de-5f6f-8ff3-a62dcb147618,,ISO3166-1-772,País ISO 3166-1 772 - TOKELAU,País ISO 3166-1 772 - TOKELAU,TOKELAU,Código numérico 772 del vocabulario EIS 820 basado en ISO 3166-1.,Misc,N/A,,,,
32c701f3-3b28-58d4-9a23-1c7ed7381b3c,,ISO3166-1-776,País ISO 3166-1 776 - TONGA,País ISO 3166-1 776 - TONGA,TONGA,Código numérico 776 del vocabulario EIS 820 basado en ISO 3166-1.,Misc,N/A,,,,
c7d2a7e7-d67b-5ba6-ab77-4f6c03cf45b0,,ISO3166-1-780,País ISO 3166-1 780 - TRINIDAD Y TOBAGO,País ISO 3166-1 780 - TRINIDAD Y TOBAGO,TRINIDAD Y TOBAGO,Código numérico 780 del vocabulario EIS 820 basado en ISO 3166-1.,Misc,N/A,,,,
98dccda9-f7be-55a6-b56a-19607e32f5a4,,ISO3166-1-784,País ISO 3166-1 784 - EMIRATOS ÁRABES UNIDOS,País ISO 3166-1 784 - EMIRATOS ÁRABES UNIDOS,EMIRATOS ÁRABES UNIDOS,Código numérico 784 del vocabulario EIS 820 basado en ISO 3166-1.,Misc,N/A,,,,
84466db6-10d4-5894-8f3f-31173deb8983,,ISO3166-1-788,País ISO 3166-1 788 - TÚNEZ,País ISO 3166-1 788 - TÚNEZ,TÚNEZ,Código numérico 788 del vocabulario EIS 820 basado en ISO 3166-1.,Misc,N/A,,,,
1e5921d6-accb-5957-9295-45b8fe895155,,ISO3166-1-792,País ISO 3166-1 792 - TURQUÍA,País ISO 3166-1 792 - TURQUÍA,TURQUÍA,Código numérico 792 del vocabulario EIS 820 basado en ISO 3166-1.,Misc,N/A,,,,
530bc3f3-68c0-5b09-89f1-f1874f667df4,,ISO3166-1-795,País ISO 3166-1 795 - TURKMENISTÁN,País ISO 3166-1 795 - TURKMENISTÁN,TURKMENISTÁN,Código numérico 795 del vocabulario EIS 820 basado en ISO 3166-1.,Misc,N/A,,,,
3060f717-d6ca-5dc3-9b7d-2866510317a7,,ISO3166-1-796,País ISO 3166-1 796 - ISLAS TURCAS Y CAICOS,País ISO 3166-1 796 - ISLAS TURCAS Y CAICOS,ISLAS TURCAS Y CAICOS,Código numérico 796 del vocabulario EIS 820 basado en ISO 3166-1.,Misc,N/A,,,,
8f654b0c-f303-5bd2-86bf-4218910b5703,,ISO3166-1-798,País ISO 3166-1 798 - TUVALU,País ISO 3166-1 798 - TUVALU,TUVALU,Código numérico 798 del vocabulario EIS 820 basado en ISO 3166-1.,Misc,N/A,,,,
79ac3a1a-4491-5b72-87b6-8e97c070bbdf,,ISO3166-1-800,País ISO 3166-1 800 - UGANDA,País ISO 3166-1 800 - UGANDA,UGANDA,Código numérico 800 del vocabulario EIS 820 basado en ISO 3166-1.,Misc,N/A,,,,
50743171-2e42-5c3a-b6f9-ebc7b962e1d3,,ISO3166-1-804,País ISO 3166-1 804 - UCRANIA,País ISO 3166-1 804 - UCRANIA,UCRANIA,Código numérico 804 del vocabulario EIS 820 basado en ISO 3166-1.,Misc,N/A,,,,
248742d6-e115-5d38-b95c-27abb40ae48e,,ISO3166-1-807,País ISO 3166-1 807 - MACEDONIA,País ISO 3166-1 807 - MACEDONIA,MACEDONIA,Código numérico 807 del vocabulario EIS 820 basado en ISO 3166-1.,Misc,N/A,,,,
d54b5eb4-153e-5c1b-9d69-0a54977ca285,,ISO3166-1-818,País ISO 3166-1 818 - EGIPTO,País ISO 3166-1 818 - EGIPTO,EGIPTO,Código numérico 818 del vocabulario EIS 820 basado en ISO 3166-1.,Misc,N/A,,,,
4d4c9767-410f-58c7-8e8f-f5bcc7fcb4f0,,ISO3166-1-826,País ISO 3166-1 826 - REINO UNIDO,País ISO 3166-1 826 - REINO UNIDO,REINO UNIDO,Código numérico 826 del vocabulario EIS 820 basado en ISO 3166-1.,Misc,N/A,,,,
84c44a76-8fdf-5bb3-98eb-f476e28d0cd8,,ISO3166-1-831,País ISO 3166-1 831 - GUERNSEY,País ISO 3166-1 831 - GUERNSEY,GUERNSEY,Código numérico 831 del vocabulario EIS 820 basado en ISO 3166-1.,Misc,N/A,,,,
d5e5f164-a59d-5f51-8c17-4d69a20794d3,,ISO3166-1-832,País ISO 3166-1 832 - JERSEY,País ISO 3166-1 832 - JERSEY,JERSEY,Código numérico 832 del vocabulario EIS 820 basado en ISO 3166-1.,Misc,N/A,,,,
12ae8326-bc7a-5ddd-b248-ba777a457a6c,,ISO3166-1-833,País ISO 3166-1 833 - ISLA DE MAN,País ISO 3166-1 833 - ISLA DE MAN,ISLA DE MAN,Código numérico 833 del vocabulario EIS 820 basado en ISO 3166-1.,Misc,N/A,,,,
12d892de-1c99-59f3-b38d-0d43fd03fa7a,,ISO3166-1-834,País ISO 3166-1 834 - TANZANIA,País ISO 3166-1 834 - TANZANIA,TANZANIA,Código numérico 834 del vocabulario EIS 820 basado en ISO 3166-1.,Misc,N/A,,,,
ec48e019-2524-5a8f-87d4-0610a6e223e5,,ISO3166-1-840,País ISO 3166-1 840 - ESTADOS UNIDOS DE AMÉRICA,País ISO 3166-1 840 - ESTADOS UNIDOS DE AMÉRICA,ESTADOS UNIDOS DE AMÉRICA,Código numérico 840 del vocabulario EIS 820 basado en ISO 3166-1.,Misc,N/A,,,,
6cab0e95-096a-57a2-ba3c-c8ba60686d04,,ISO3166-1-850,País ISO 3166-1 850 - ISLAS VÍRGENES DE LOS ESTADOS UNIDOS DE AMÉRICA,País ISO 3166-1 850 - ISLAS VÍRGENES DE LOS ESTADOS UNIDOS DE AMÉRICA,ISLAS VÍRGENES DE LOS ESTADOS UNIDOS DE AMÉRICA,Código numérico 850 del vocabulario EIS 820 basado en ISO 3166-1.,Misc,N/A,,,,
cce9f650-ced9-557d-805f-f00501f47cc5,,ISO3166-1-854,País ISO 3166-1 854 - BURKINA FASO,País ISO 3166-1 854 - BURKINA FASO,BURKINA FASO,Código numérico 854 del vocabulario EIS 820 basado en ISO 3166-1.,Misc,N/A,,,,
d258910d-6bfa-55e4-b4e4-9ca792b6091b,,ISO3166-1-858,País ISO 3166-1 858 - URUGUAY,País ISO 3166-1 858 - URUGUAY,URUGUAY,Código numérico 858 del vocabulario EIS 820 basado en ISO 3166-1.,Misc,N/A,,,,
24a1f990-606d-5e5b-b665-9c86ec5786d7,,ISO3166-1-860,País ISO 3166-1 860 - UZBEKISTÁN,País ISO 3166-1 860 - UZBEKISTÁN,UZBEKISTÁN,Código numérico 860 del vocabulario EIS 820 basado en ISO 3166-1.,Misc,N/A,,,,
af30eac8-7e1e-583a-a0cf-d142ff79c161,,ISO3166-1-862,País ISO 3166-1 862 - VENEZUELA,País ISO 3166-1 862 - VENEZUELA,VENEZUELA,Código numérico 862 del vocabulario EIS 820 basado en ISO 3166-1.,Misc,N/A,,,,
f2f097b3-8ff4-559d-b6c7-fa0362755064,,ISO3166-1-876,País ISO 3166-1 876 - WALLIS Y FUTUNA,País ISO 3166-1 876 - WALLIS Y FUTUNA,WALLIS Y FUTUNA,Código numérico 876 del vocabulario EIS 820 basado en ISO 3166-1.,Misc,N/A,,,,
692927bf-fdc3-560d-b9af-be0ca1bf0d70,,ISO3166-1-882,País ISO 3166-1 882 - SAMOA,País ISO 3166-1 882 - SAMOA,SAMOA,Código numérico 882 del vocabulario EIS 820 basado en ISO 3166-1.,Misc,N/A,,,,
e676a2bf-fc28-5754-bd53-27e2b33cbbe5,,ISO3166-1-887,País ISO 3166-1 887 - YEMEN,País ISO 3166-1 887 - YEMEN,YEMEN,Código numérico 887 del vocabulario EIS 820 basado en ISO 3166-1.,Misc,N/A,,,,
473defe0-9ef4-5a79-86be-5eb47c5c95c1,,ISO3166-1-894,País ISO 3166-1 894 - ZAMBIA,País ISO 3166-1 894 - ZAMBIA,ZAMBIA,Código numérico 894 del vocabulario EIS 820 basado en ISO 3166-1.,Misc,N/A,,,,
f93d5f63-04b9-5df0-a92c-67973d76a616,,ISO3166-1-999,País ISO 3166-1 999 - DESCONOCIDO,País ISO 3166-1 999 - DESCONOCIDO,DESCONOCIDO,Código numérico 999 del vocabulario EIS 820 basado en ISO 3166-1.,Misc,N/A,,,,
99dfaa79-d6b4-5a61-9dd8-a9d5a12c977c,,SEX-BIO-1,Sexo biológico EIS 1 - Hombre,Sexo biológico EIS 1 - Hombre,Hombre,Sexo biológico código 1 según EIS 820.,Misc,N/A,,,,
ed3601f5-0cd6-51c1-ad4d-0f34226ade65,,SEX-BIO-2,Sexo biológico EIS 2 - Mujer,Sexo biológico EIS 2 - Mujer,Mujer,Sexo biológico código 2 según EIS 820.,Misc,N/A,,,,
38ef0bea-b343-54b2-8037-7950e0386300,,SEX-BIO-3,Sexo biológico EIS 3 - Intersexual,Sexo biológico EIS 3 - Intersexual,Intersexual,Sexo biológico código 3 según EIS 820.,Misc,N/A,,,,
bae00879-c449-59f4-8b12-59528a4a493b,,SEX-BIO-93,Sexo biológico EIS 93 - No informado,Sexo biológico EIS 93 - No informado,No informado,Sexo biológico código 93 según EIS 820.,Misc,N/A,,,,
2d961045-3c6f-5200-b56d-f93e77af8206,,SEX-BIO-99,Sexo biológico EIS 99 - Desconocido,Sexo biológico EIS 99 - Desconocido,Desconocido,Sexo biológico código 99 según EIS 820.,Misc,N/A,,,,
e80d5681-07bf-56e7-add1-22b26a95b359,,IDENT-GENERO-1,Identidad de género EIS 1 - Masculino,Identidad de género EIS 1 - Masculino,Masculino,Identidad de género código 1 según el vocabulario descargable EIS 820.,Misc,N/A,,,,
7694b156-a34b-5e1a-98a7-de5552e1ff38,,IDENT-GENERO-2,Identidad de género EIS 2 - Femenina,Identidad de género EIS 2 - Femenina,Femenina,Identidad de género código 2 según el vocabulario descargable EIS 820.,Misc,N/A,,,,
e0177f46-3d1f-5c82-8fe3-2fdd92a40039,,IDENT-GENERO-4,Identidad de género EIS 4 - Transgénero Masculino,Identidad de género EIS 4 - Transgénero Masculino,Transgénero Masculino,Identidad de género código 4 según el vocabulario descargable EIS 820.,Misc,N/A,,,,
38a39c2a-ff88-5fb8-b1ce-19c73cf8c0ee,,IDENT-GENERO-5,Identidad de género EIS 5 - Transgénero Femenina,Identidad de género EIS 5 - Transgénero Femenina,Transgénero Femenina,Identidad de género código 5 según el vocabulario descargable EIS 820.,Misc,N/A,,,,
64e7d8aa-e89d-5e56-9d1b-ed75ada072ad,,IDENT-GENERO-6,Identidad de género EIS 6 - No binarie,Identidad de género EIS 6 - No binarie,No binarie,Identidad de género código 6 según el vocabulario descargable EIS 820.,Misc,N/A,,,,
fcbe3414-e3e2-50e3-ad50-91d61eb5ce88,,IDENT-GENERO-7,Identidad de género EIS 7 - Otra,Identidad de género EIS 7 - Otra,Otra,Identidad de género código 7 según el vocabulario descargable EIS 820.,Misc,N/A,,,,
6e6e4176-7944-5c90-bbb0-2565dca38527,,IDENT-GENERO-8,Identidad de género EIS 8 - No Revelado,Identidad de género EIS 8 - No Revelado,No Revelado,Identidad de género código 8 según el vocabulario descargable EIS 820.,Misc,N/A,,,,
27d277f1-1f5b-4f9a-a111-820000000001,,,Sexo biológico EIS,Sexo biológico EIS,Sexo biológico,Catálogo EIS 820; no reutiliza el sexo administrativo de OpenMRS.,Misc,Coded,99dfaa79-d6b4-5a61-9dd8-a9d5a12c977c;ed3601f5-0cd6-51c1-ad4d-0f34226ade65;38ef0bea-b343-54b2-8037-7950e0386300;bae00879-c449-59f4-8b12-59528a4a493b;2d961045-3c6f-5200-b56d-f93e77af8206,,,
27d277f1-1f5b-4f9a-a111-820000000002,,,Identidad de género EIS,Identidad de género EIS,Identidad de género,Declaración de identidad de género según catálogo EIS 820.,Misc,Coded,e80d5681-07bf-56e7-add1-22b26a95b359;7694b156-a34b-5e1a-98a7-de5552e1ff38;e0177f46-3d1f-5c82-8fe3-2fdd92a40039;38a39c2a-ff88-5fb8-b1ce-19c73cf8c0ee;64e7d8aa-e89d-5e56-9d1b-ed75ada072ad;fcbe3414-e3e2-50e3-ad50-91d61eb5ce88;6e6e4176-7944-5c90-bbb0-2565dca38527,,,
27d277f1-1f5b-4f9a-a111-820000000003,,,Nacionalidad EIS,Nacionalidad EIS,Nacionalidad,Nacionalidad codificada con la tabla EIS 820 basada en ISO 3166-1 numérico.,Misc,Coded,0cc425b6-2335-55f3-b62b-6e9e6df5ca9e;a010425d-075c-5f22-b0a3-d9dcb1223333;d289fde4-1d7d-5e67-90c0-8cd3f4c1d63a;3a3e14eb-4a76-54d9-98a7-ac83ad05d719;98963594-338e-5684-b053-a2f1fa4e1c22;c9ca8c6b-9dfb-52c7-a202-877fcd28b0e4;a477cead-1560-5f29-a8d2-a5eac16a3512;0f0c6ad9-2d6c-528b-834b-584cb3ae76ee;60c0b414-4b90-5be9-a481-efc2a192e80c;8cd6d39d-72ba-5351-ba82-6194c478cff4;32ebdc6c-a1d6-51d0-a204-d19ac4b15252;e051da21-6645-592a-9391-a02295b874c6;08003c30-80e6-538e-a06c-16d5cbbc4441;31419b70-f7eb-548d-81c9-3deebc462ec2;81121580-bd94-5b7d-939e-7c92315032ca;a560ddbb-16fa-5ccd-9d7c-f52165a994ad;6d5a4a3d-7fac-55b8-9745-ac25cbdd0c1a;f75414a9-35dd-5f19-8144-2b10b76e31a0;fe80befa-da5e-5b63-8acf-fe3fe641f53f;d19b4003-9c13-54f6-acd8-fa16322ab341;7e31769f-7818-5ee7-93fe-ac89c59f8d86;1f865f11-2e52-52b6-b4e9-586b21b9287f;14dbc27f-8508-50b2-9057-755a342ce057;a8ba9975-1003-5448-ba8e-f6a0b45c365d;05e13af8-01dd-531c-a868-05fdec721c59;1871bfdd-37a7-51e5-ad71-2296dd66d8ec;0e65f1a8-5877-5160-bfc2-1af151701c40;377c48e5-6b1b-58d4-aa80-063d4795ba5d;469c04de-eafb-5277-9f93-d00f277a6ed1;c1e98fde-9433-5cc4-b226-5620062bf53b;a66cb3f5-39f7-529f-9d28-e94e377e06fa;05ad6922-5886-51a1-a425-3fa7856bb679;b0160091-f485-5fcf-a40b-768df147fb8c;632e42f8-aef0-57e4-8423-e759262fca75;5176a245-afc0-56e3-975d-53f3aadc3cab;ab36e91e-d108-5dbc-a501-c3a038bd8729;fa216c52-67b2-5fdd-abe3-5c94367420e8;f4dbb298-34e6-55a7-ac30-31eb5574e9be;cf884dc7-5d99-5b15-ab77-a73d52b1a963;0baa01f6-ca93-5d54-8f64-f2da69d16ee0;a7ff1a0f-b16c-57ff-941c-40e22cde9c8c;edd2131f-afe8-5a25-b750-12e1341e579a;a0ce3eb9-dec4-56d4-8056-25f902cfc409;34593d2a-ce05-5ac4-ae6a-b21cf74cdd52;690f85f4-ec09-5de0-a5a4-5fd466cfd44f;ad492e46-b685-5056-b510-7afed64c956e;2cdd01b3-592b-593d-ad01-62a293835a47;af95ea3a-0450-5f0b-8df4-3ac3a80f768c;290a4a63-cc30-56d2-b060-921caf18669c;256dd183-5c1b-5e56-b1d1-baf90b2f9069;06dc10d4-2951-509c-a7cd-ab9cddfc2af5;5a4c593d-0dcf-59b0-95c7-cd7eba262e6d;a721f86e-441a-536f-80be-23b784750136;e6574772-23c2-5631-9dd7-6f766d592563;c0f165e4-f748-5b58-af16-bfc419098ef4;6f658f26-2d1f-5184-9ed6-aa64eda25b5c;4ee2c9b3-b141-549b-960e-16170fd3bb62;6427eaaf-401f-5852-8f41-b58020e6f97e;edcaa33f-e42f-551c-9eb5-2c0fabee4450;51006125-185c-533d-87a8-5497885e2aea;3b3adedd-b124-5811-a71a-c83ad691cff6;c428e313-0030-5574-a4ca-220a318c4968;52425ea4-a511-55f7-8282-4da66ea9e836;5825c0bc-c527-53f0-a7ec-602cc0e53a15;d6fd916e-ba15-5cf7-a087-7053062f5c47;95cfcbb1-6a0f-5bf2-b10c-d2f2b0251d18;f34ad8fe-ddd5-5ca1-87a7-160c6799c846;6d4b1327-d908-5166-ab82-d6a29880199b;60e4a47d-4d59-5ceb-b7ef-02856599f5f3;5aea0a6c-a80d-5433-9be4-4d98195dce8c;7c3189b7-e2e1-52b3-8fa7-24bae8f25a25;c188fa6a-b369-51f8-b0b6-113b38a49839;7c78a644-6dc0-5d3f-a093-bddbb6857846;eb57ead6-0303-5108-a0c6-f7fe6e0387e5;93a89a14-7b15-5239-bd6a-e242e5752aef;e3021d6b-5996-57b9-8ccf-39524bf12bcb;6a2884fd-c5fa-50c0-b219-ef2b696bb2e2;b9d61f9a-4192-5f46-bcc7-9c9cdc105c07;1b723e3e-bbda-5d74-bdc5-e26139b01e1e;8418e611-1258-5f2e-8e60-880c8e457080;6e6b8b22-407e-5b0e-a3ed-e3195e70ccff;584849ed-4df4-5dc6-88d0-a315981d3c25;c7d8842c-8b42-5435-8bfd-a054b1a9459b;595c2d63-57c3-58c7-b306-9784d4733087;7e794124-3ae3-5a27-843a-07bfb61f7b5c;b0fcd6eb-ed9b-583a-b86a-b666c907a199;fe8ffe8c-3777-5b28-9366-bded6742e809;c9a54284-73e2-59d2-95f6-5b7012141038;57b7a1f3-d2f2-5d5f-91a3-e999f490113d;187c7f68-1886-546f-8111-1bb4755146cc;a1c90763-fb06-5696-9742-40c701403fd4;3388a315-d52a-5211-8aa5-88fd42259598;1e2047a9-a0e3-55c0-ae9c-f2c457d45173;882097ab-76a7-56e4-8533-eebce977f9ba;99c00201-9905-529c-a6b7-0e091a3384fd;33dec213-cdcc-5a5a-a74d-fd895dceb404;d211b251-3b8a-5d15-b0b5-67fb27ef30cc;2618e1ec-fdc4-5ed7-9a82-59c90a650256;426256cb-3459-5ed7-8691-f5e821696517;f9a29901-f65e-5dd6-a52f-c074897fc204;4b226a1a-5726-576d-a509-5ec5f6ab528c;fcb41e85-aea6-53ec-9d82-39d7b5e2ac35;8c72f803-5702-5910-926f-7554eba27930;7d5b8913-d27a-5cce-969e-b75a5c7036e4;c6e27ed1-257b-594b-bd10-b651ce91d5df;818dca1c-de2f-5c02-9a17-abee32b343cb;acac7dc5-2738-5c6c-905c-b4b8dde52ed3;8d621708-907e-5bef-82a1-ebbc3a670bfd;a889b694-b076-5fae-a8e8-6160a4ca3de0;9cd2caec-0a93-583f-b776-d34c6c51c497;a76a9337-a82a-52e7-a899-06d90b0d8f0e;e13248e7-be5c-56b1-b481-55a2f0b3d346;1c4ab26f-4221-513c-b0d3-0e8db489868d;9a46312d-1b7e-53c7-8db7-0872e3e0be47;acacee4e-8896-5483-bc90-c7628227e06d;8e01897e-e577-57ab-9556-f12386ba31eb;1759c99e-9b47-5e1f-8bc0-c8acdcf22841;9969ed34-3cde-5bcf-9312-4c0f90b1322a;93b6aa8e-edd9-5fd7-a7a1-6d0cb7b6bdc2;3236eb29-f648-5f40-9f77-7d22f488e009;74741fbf-fca1-5a2e-ac49-b560e6a7ad55;e597276c-e391-53ed-9511-696d2c1f5a1f;01e7687c-ef29-5adc-80b1-55ca1edf4abd;141e02d6-da50-590d-9c36-5e8881e4790a;faa6d598-a4ec-5ff1-ba72-093e33c1e849;acc712d5-a2b0-5fb2-b443-52c04c36cf23;caf97128-5356-564a-bb2d-51bb15e1a996;01749856-97d3-5835-8c0c-0f9306dd968c;5961a85d-ae7d-50fb-ba39-54504659d59a;f8be60ff-a103-5b34-9fa1-716a11552052;99705966-cca5-5459-aef1-5888c23cee6e;016159a4-0099-589a-bd98-97fd8c5b5a32;2792f04c-744e-5016-970c-626d0c045e25;b6908429-33c5-53a6-96ed-87e3711ae4a3;de044caa-ca19-5ae1-8ab4-f0fe065247be;f16316ba-ce8c-5349-99a5-be869376d0d0;a3bdfdef-929a-5ab7-bb26-39832fde8db3;d00a6750-f8af-5b27-8282-d3f6840f4f87;d5bbe5dc-8cc0-534d-b7b2-3b2bb6a47551;644a6da0-bcb9-5bcf-b906-bfe1efea6d51;40953b52-1135-5521-8be9-b197f3f8f677;87cddd98-78d9-52aa-9496-d1444b5fccef;fcfefaa0-1758-5e1c-b15b-d3d604c4c8ce;deb0f665-8adc-5822-9e10-6d5397a24e61;3643e335-3a24-5948-8d10-f993d3a53eda;c25f0fdf-b2f7-5ab3-bcac-14ee08662cfd;6501c513-ec3f-5e13-9f14-74a056d274eb;ae1c9df7-c654-5299-9d04-8372c233c4e0;925d422e-5b3d-5879-9a26-63db42ae7ba2;753af9c3-ac5a-5880-80f4-d50745ad8f51;ac43fd47-6553-543b-8a9f-aa665daf373f;bccfd35d-3b25-5c91-ab71-d4955aaeb6a4;08afb46e-6177-58f4-9f63-69bc0a121fc8;da3628bb-be29-5586-84a2-d94afe476fd0;b4bc607a-e1c1-5070-9e5f-533d600ce4bc;f0c7f6df-b3ed-5908-9c87-dec0aef9a04a;49fcfe8d-0028-52b6-8cc1-d4d153ca4858;2005b58a-23b1-5575-af85-cbd866de7f35;b543e32e-57a0-5d55-906d-3e06935e1ec8;3d6f0813-b959-5b29-883a-25cc34dfc436;fd86c2ac-0a02-569e-9256-15cb7170e1f8;8deb247f-1853-50e4-ad23-43299ec3257f;873891e3-f61d-53ab-a51a-b1932b14d692;d655b1ff-008e-5462-9b44-9b354e09dd84;2c900337-d6cc-53b0-bfb4-e75a12d8340a;696c7c98-455c-5608-8af3-2e239d1db78b;69ea817b-f883-5638-aee4-299de48c8c0b;e699c0ce-f32e-5088-91f0-767b60d9d035;1f7817fa-8c6b-5354-b963-e1ca29f4467d;19fe2f0a-6a17-5ede-990e-d2843b47478f;4c233e18-d6c4-5469-a63b-a2babf7f78ac;92fb1acc-4775-5d4b-aa9e-acb60c310b13;6c24c090-599c-5d9f-b274-e9a232ca06ee;f127d332-3839-5939-8705-f76769bdd4ad;e651a637-86a0-55c5-afea-c86df86d3317;4795cc90-03ce-54a1-892b-d959d91a1239;c1dd7526-f636-5219-9410-9395fc5ef1d5;7f5525b6-134c-5aef-9ccf-38eff2150e46;1465741c-5be8-5fc1-a1c3-5b47743fd9e0;cbd983bb-b49f-58ec-85ae-aaed55e5e53d;5444884c-b9dc-5095-8c98-a8fcbcd249ce;7090c657-2294-5330-9ce0-3b4695e7f3c5;77dad9a2-62f9-56e0-94d6-ebc7d94eb367;c510a540-c4bf-5df3-960e-020b6a1d2e1a;10a111a3-6e79-5cd3-ada8-c595e26b51e4;b499d919-2d0b-5e9a-a943-5da7d8713374;62a59428-7d4b-5cd5-b2f8-0e74498c860a;0ff3dbba-f637-59d7-80f8-dfb3b0fc2ab7;2d2aec39-97f8-59f7-acdf-20356a4d9457;a56d37f6-ef3c-5d05-965d-fce7a53006b0;6d8bfe52-7ecf-5619-b4ce-81456169e0af;c6efeebe-6cd7-52e6-b4af-8112aba24cdd;4ea0aa42-4847-53ce-8135-2c200ed68a28;a9d7aa57-d786-514c-a79d-615979657baf;95324ae9-249b-572b-b272-b27fd5e7e3a0;8f2d7608-3b67-59b8-af65-166262f26ca7;d1f6ce91-eca8-5648-b501-6eaf6350e3cb;aad500a4-552e-5bd5-a772-a7a7e03ddad4;7ddbe830-21cd-579e-8880-807d564d9d99;96635dfa-8eb7-5571-b4d9-e5c2b6fa683b;af306b20-0ddb-5b26-9e87-ed476ef98c14;33803971-c7b5-5366-8a63-a4637dc0a048;fa4dd3f4-dc76-538c-a2b4-df749012a3bc;f51617f3-ddec-5d5a-a33a-222ee005d20c;c44d8f08-a80d-5722-a7a0-4d6bc930ac37;f7ae3731-4910-5045-b113-fb9052611ab0;cc7999ce-11d4-5282-ad66-08e847e16320;ce60a30e-48d7-5da8-a511-23b00bccd2b4;6e903e7b-912b-5451-9bb2-e6e197a3412b;ff5e6eb9-8be5-52eb-95a3-afeb20479f10;8a105c86-f67f-5acd-a308-5151ed7b3899;fec52233-0353-5de8-ae7f-625a15d4fab1;b1c44874-6652-50b6-9ece-3920df941ae1;79fb38d4-86c1-5b6b-a24b-fcbf5101215e;a87b2a66-af29-5616-a157-f5340280a29e;a426a55f-bed8-5d6b-9fc1-5ed821af516d;dcf1e99e-e56f-5514-98a8-225944748408;5c723787-2dbb-56cb-a0e5-3086f4b977ce;61179f05-4be1-5cc9-b17c-847c81a67a11;97a023e2-3ba0-50b9-ac36-d1a26df99ba3;f3ea54e8-9d48-5a5e-bdd9-aedc31ab830b;2e6b9410-d406-5559-b18b-d8b5c52faa85;42567ca1-e2de-5f6f-8ff3-a62dcb147618;32c701f3-3b28-58d4-9a23-1c7ed7381b3c;c7d2a7e7-d67b-5ba6-ab77-4f6c03cf45b0;98dccda9-f7be-55a6-b56a-19607e32f5a4;84466db6-10d4-5894-8f3f-31173deb8983;1e5921d6-accb-5957-9295-45b8fe895155;530bc3f3-68c0-5b09-89f1-f1874f667df4;3060f717-d6ca-5dc3-9b7d-2866510317a7;8f654b0c-f303-5bd2-86bf-4218910b5703;79ac3a1a-4491-5b72-87b6-8e97c070bbdf;50743171-2e42-5c3a-b6f9-ebc7b962e1d3;248742d6-e115-5d38-b95c-27abb40ae48e;d54b5eb4-153e-5c1b-9d69-0a54977ca285;4d4c9767-410f-58c7-8e8f-f5bcc7fcb4f0;84c44a76-8fdf-5bb3-98eb-f476e28d0cd8;d5e5f164-a59d-5f51-8c17-4d69a20794d3;12ae8326-bc7a-5ddd-b248-ba777a457a6c;12d892de-1c99-59f3-b38d-0d43fd03fa7a;ec48e019-2524-5a8f-87d4-0610a6e223e5;6cab0e95-096a-57a2-ba3c-c8ba60686d04;cce9f650-ced9-557d-805f-f00501f47cc5;d258910d-6bfa-55e4-b4e4-9ca792b6091b;24a1f990-606d-5e5b-b665-9c86ec5786d7;af30eac8-7e1e-583a-a0cf-d142ff79c161;f2f097b3-8ff4-559d-b6c7-fa0362755064;692927bf-fdc3-560d-b9af-be0ca1bf0d70;e676a2bf-fc28-5754-bd53-27e2b33cbbe5;473defe0-9ef4-5a79-86be-5eb47c5c95c1;f93d5f63-04b9-5df0-a92c-67973d76a616,,,
27d277f1-1f5b-4f9a-a111-820000000004,,,País de origen EIS,País de origen EIS,País de origen,País de origen demográfico; no es el documento identificador extranjero.,Misc,Coded,0cc425b6-2335-55f3-b62b-6e9e6df5ca9e;a010425d-075c-5f22-b0a3-d9dcb1223333;d289fde4-1d7d-5e67-90c0-8cd3f4c1d63a;3a3e14eb-4a76-54d9-98a7-ac83ad05d719;98963594-338e-5684-b053-a2f1fa4e1c22;c9ca8c6b-9dfb-52c7-a202-877fcd28b0e4;a477cead-1560-5f29-a8d2-a5eac16a3512;0f0c6ad9-2d6c-528b-834b-584cb3ae76ee;60c0b414-4b90-5be9-a481-efc2a192e80c;8cd6d39d-72ba-5351-ba82-6194c478cff4;32ebdc6c-a1d6-51d0-a204-d19ac4b15252;e051da21-6645-592a-9391-a02295b874c6;08003c30-80e6-538e-a06c-16d5cbbc4441;31419b70-f7eb-548d-81c9-3deebc462ec2;81121580-bd94-5b7d-939e-7c92315032ca;a560ddbb-16fa-5ccd-9d7c-f52165a994ad;6d5a4a3d-7fac-55b8-9745-ac25cbdd0c1a;f75414a9-35dd-5f19-8144-2b10b76e31a0;fe80befa-da5e-5b63-8acf-fe3fe641f53f;d19b4003-9c13-54f6-acd8-fa16322ab341;7e31769f-7818-5ee7-93fe-ac89c59f8d86;1f865f11-2e52-52b6-b4e9-586b21b9287f;14dbc27f-8508-50b2-9057-755a342ce057;a8ba9975-1003-5448-ba8e-f6a0b45c365d;05e13af8-01dd-531c-a868-05fdec721c59;1871bfdd-37a7-51e5-ad71-2296dd66d8ec;0e65f1a8-5877-5160-bfc2-1af151701c40;377c48e5-6b1b-58d4-aa80-063d4795ba5d;469c04de-eafb-5277-9f93-d00f277a6ed1;c1e98fde-9433-5cc4-b226-5620062bf53b;a66cb3f5-39f7-529f-9d28-e94e377e06fa;05ad6922-5886-51a1-a425-3fa7856bb679;b0160091-f485-5fcf-a40b-768df147fb8c;632e42f8-aef0-57e4-8423-e759262fca75;5176a245-afc0-56e3-975d-53f3aadc3cab;ab36e91e-d108-5dbc-a501-c3a038bd8729;fa216c52-67b2-5fdd-abe3-5c94367420e8;f4dbb298-34e6-55a7-ac30-31eb5574e9be;cf884dc7-5d99-5b15-ab77-a73d52b1a963;0baa01f6-ca93-5d54-8f64-f2da69d16ee0;a7ff1a0f-b16c-57ff-941c-40e22cde9c8c;edd2131f-afe8-5a25-b750-12e1341e579a;a0ce3eb9-dec4-56d4-8056-25f902cfc409;34593d2a-ce05-5ac4-ae6a-b21cf74cdd52;690f85f4-ec09-5de0-a5a4-5fd466cfd44f;ad492e46-b685-5056-b510-7afed64c956e;2cdd01b3-592b-593d-ad01-62a293835a47;af95ea3a-0450-5f0b-8df4-3ac3a80f768c;290a4a63-cc30-56d2-b060-921caf18669c;256dd183-5c1b-5e56-b1d1-baf90b2f9069;06dc10d4-2951-509c-a7cd-ab9cddfc2af5;5a4c593d-0dcf-59b0-95c7-cd7eba262e6d;a721f86e-441a-536f-80be-23b784750136;e6574772-23c2-5631-9dd7-6f766d592563;c0f165e4-f748-5b58-af16-bfc419098ef4;6f658f26-2d1f-5184-9ed6-aa64eda25b5c;4ee2c9b3-b141-549b-960e-16170fd3bb62;6427eaaf-401f-5852-8f41-b58020e6f97e;edcaa33f-e42f-551c-9eb5-2c0fabee4450;51006125-185c-533d-87a8-5497885e2aea;3b3adedd-b124-5811-a71a-c83ad691cff6;c428e313-0030-5574-a4ca-220a318c4968;52425ea4-a511-55f7-8282-4da66ea9e836;5825c0bc-c527-53f0-a7ec-602cc0e53a15;d6fd916e-ba15-5cf7-a087-7053062f5c47;95cfcbb1-6a0f-5bf2-b10c-d2f2b0251d18;f34ad8fe-ddd5-5ca1-87a7-160c6799c846;6d4b1327-d908-5166-ab82-d6a29880199b;60e4a47d-4d59-5ceb-b7ef-02856599f5f3;5aea0a6c-a80d-5433-9be4-4d98195dce8c;7c3189b7-e2e1-52b3-8fa7-24bae8f25a25;c188fa6a-b369-51f8-b0b6-113b38a49839;7c78a644-6dc0-5d3f-a093-bddbb6857846;eb57ead6-0303-5108-a0c6-f7fe6e0387e5;93a89a14-7b15-5239-bd6a-e242e5752aef;e3021d6b-5996-57b9-8ccf-39524bf12bcb;6a2884fd-c5fa-50c0-b219-ef2b696bb2e2;b9d61f9a-4192-5f46-bcc7-9c9cdc105c07;1b723e3e-bbda-5d74-bdc5-e26139b01e1e;8418e611-1258-5f2e-8e60-880c8e457080;6e6b8b22-407e-5b0e-a3ed-e3195e70ccff;584849ed-4df4-5dc6-88d0-a315981d3c25;c7d8842c-8b42-5435-8bfd-a054b1a9459b;595c2d63-57c3-58c7-b306-9784d4733087;7e794124-3ae3-5a27-843a-07bfb61f7b5c;b0fcd6eb-ed9b-583a-b86a-b666c907a199;fe8ffe8c-3777-5b28-9366-bded6742e809;c9a54284-73e2-59d2-95f6-5b7012141038;57b7a1f3-d2f2-5d5f-91a3-e999f490113d;187c7f68-1886-546f-8111-1bb4755146cc;a1c90763-fb06-5696-9742-40c701403fd4;3388a315-d52a-5211-8aa5-88fd42259598;1e2047a9-a0e3-55c0-ae9c-f2c457d45173;882097ab-76a7-56e4-8533-eebce977f9ba;99c00201-9905-529c-a6b7-0e091a3384fd;33dec213-cdcc-5a5a-a74d-fd895dceb404;d211b251-3b8a-5d15-b0b5-67fb27ef30cc;2618e1ec-fdc4-5ed7-9a82-59c90a650256;426256cb-3459-5ed7-8691-f5e821696517;f9a29901-f65e-5dd6-a52f-c074897fc204;4b226a1a-5726-576d-a509-5ec5f6ab528c;fcb41e85-aea6-53ec-9d82-39d7b5e2ac35;8c72f803-5702-5910-926f-7554eba27930;7d5b8913-d27a-5cce-969e-b75a5c7036e4;c6e27ed1-257b-594b-bd10-b651ce91d5df;818dca1c-de2f-5c02-9a17-abee32b343cb;acac7dc5-2738-5c6c-905c-b4b8dde52ed3;8d621708-907e-5bef-82a1-ebbc3a670bfd;a889b694-b076-5fae-a8e8-6160a4ca3de0;9cd2caec-0a93-583f-b776-d34c6c51c497;a76a9337-a82a-52e7-a899-06d90b0d8f0e;e13248e7-be5c-56b1-b481-55a2f0b3d346;1c4ab26f-4221-513c-b0d3-0e8db489868d;9a46312d-1b7e-53c7-8db7-0872e3e0be47;acacee4e-8896-5483-bc90-c7628227e06d;8e01897e-e577-57ab-9556-f12386ba31eb;1759c99e-9b47-5e1f-8bc0-c8acdcf22841;9969ed34-3cde-5bcf-9312-4c0f90b1322a;93b6aa8e-edd9-5fd7-a7a1-6d0cb7b6bdc2;3236eb29-f648-5f40-9f77-7d22f488e009;74741fbf-fca1-5a2e-ac49-b560e6a7ad55;e597276c-e391-53ed-9511-696d2c1f5a1f;01e7687c-ef29-5adc-80b1-55ca1edf4abd;141e02d6-da50-590d-9c36-5e8881e4790a;faa6d598-a4ec-5ff1-ba72-093e33c1e849;acc712d5-a2b0-5fb2-b443-52c04c36cf23;caf97128-5356-564a-bb2d-51bb15e1a996;01749856-97d3-5835-8c0c-0f9306dd968c;5961a85d-ae7d-50fb-ba39-54504659d59a;f8be60ff-a103-5b34-9fa1-716a11552052;99705966-cca5-5459-aef1-5888c23cee6e;016159a4-0099-589a-bd98-97fd8c5b5a32;2792f04c-744e-5016-970c-626d0c045e25;b6908429-33c5-53a6-96ed-87e3711ae4a3;de044caa-ca19-5ae1-8ab4-f0fe065247be;f16316ba-ce8c-5349-99a5-be869376d0d0;a3bdfdef-929a-5ab7-bb26-39832fde8db3;d00a6750-f8af-5b27-8282-d3f6840f4f87;d5bbe5dc-8cc0-534d-b7b2-3b2bb6a47551;644a6da0-bcb9-5bcf-b906-bfe1efea6d51;40953b52-1135-5521-8be9-b197f3f8f677;87cddd98-78d9-52aa-9496-d1444b5fccef;fcfefaa0-1758-5e1c-b15b-d3d604c4c8ce;deb0f665-8adc-5822-9e10-6d5397a24e61;3643e335-3a24-5948-8d10-f993d3a53eda;c25f0fdf-b2f7-5ab3-bcac-14ee08662cfd;6501c513-ec3f-5e13-9f14-74a056d274eb;ae1c9df7-c654-5299-9d04-8372c233c4e0;925d422e-5b3d-5879-9a26-63db42ae7ba2;753af9c3-ac5a-5880-80f4-d50745ad8f51;ac43fd47-6553-543b-8a9f-aa665daf373f;bccfd35d-3b25-5c91-ab71-d4955aaeb6a4;08afb46e-6177-58f4-9f63-69bc0a121fc8;da3628bb-be29-5586-84a2-d94afe476fd0;b4bc607a-e1c1-5070-9e5f-533d600ce4bc;f0c7f6df-b3ed-5908-9c87-dec0aef9a04a;49fcfe8d-0028-52b6-8cc1-d4d153ca4858;2005b58a-23b1-5575-af85-cbd866de7f35;b543e32e-57a0-5d55-906d-3e06935e1ec8;3d6f0813-b959-5b29-883a-25cc34dfc436;fd86c2ac-0a02-569e-9256-15cb7170e1f8;8deb247f-1853-50e4-ad23-43299ec3257f;873891e3-f61d-53ab-a51a-b1932b14d692;d655b1ff-008e-5462-9b44-9b354e09dd84;2c900337-d6cc-53b0-bfb4-e75a12d8340a;696c7c98-455c-5608-8af3-2e239d1db78b;69ea817b-f883-5638-aee4-299de48c8c0b;e699c0ce-f32e-5088-91f0-767b60d9d035;1f7817fa-8c6b-5354-b963-e1ca29f4467d;19fe2f0a-6a17-5ede-990e-d2843b47478f;4c233e18-d6c4-5469-a63b-a2babf7f78ac;92fb1acc-4775-5d4b-aa9e-acb60c310b13;6c24c090-599c-5d9f-b274-e9a232ca06ee;f127d332-3839-5939-8705-f76769bdd4ad;e651a637-86a0-55c5-afea-c86df86d3317;4795cc90-03ce-54a1-892b-d959d91a1239;c1dd7526-f636-5219-9410-9395fc5ef1d5;7f5525b6-134c-5aef-9ccf-38eff2150e46;1465741c-5be8-5fc1-a1c3-5b47743fd9e0;cbd983bb-b49f-58ec-85ae-aaed55e5e53d;5444884c-b9dc-5095-8c98-a8fcbcd249ce;7090c657-2294-5330-9ce0-3b4695e7f3c5;77dad9a2-62f9-56e0-94d6-ebc7d94eb367;c510a540-c4bf-5df3-960e-020b6a1d2e1a;10a111a3-6e79-5cd3-ada8-c595e26b51e4;b499d919-2d0b-5e9a-a943-5da7d8713374;62a59428-7d4b-5cd5-b2f8-0e74498c860a;0ff3dbba-f637-59d7-80f8-dfb3b0fc2ab7;2d2aec39-97f8-59f7-acdf-20356a4d9457;a56d37f6-ef3c-5d05-965d-fce7a53006b0;6d8bfe52-7ecf-5619-b4ce-81456169e0af;c6efeebe-6cd7-52e6-b4af-8112aba24cdd;4ea0aa42-4847-53ce-8135-2c200ed68a28;a9d7aa57-d786-514c-a79d-615979657baf;95324ae9-249b-572b-b272-b27fd5e7e3a0;8f2d7608-3b67-59b8-af65-166262f26ca7;d1f6ce91-eca8-5648-b501-6eaf6350e3cb;aad500a4-552e-5bd5-a772-a7a7e03ddad4;7ddbe830-21cd-579e-8880-807d564d9d99;96635dfa-8eb7-5571-b4d9-e5c2b6fa683b;af306b20-0ddb-5b26-9e87-ed476ef98c14;33803971-c7b5-5366-8a63-a4637dc0a048;fa4dd3f4-dc76-538c-a2b4-df749012a3bc;f51617f3-ddec-5d5a-a33a-222ee005d20c;c44d8f08-a80d-5722-a7a0-4d6bc930ac37;f7ae3731-4910-5045-b113-fb9052611ab0;cc7999ce-11d4-5282-ad66-08e847e16320;ce60a30e-48d7-5da8-a511-23b00bccd2b4;6e903e7b-912b-5451-9bb2-e6e197a3412b;ff5e6eb9-8be5-52eb-95a3-afeb20479f10;8a105c86-f67f-5acd-a308-5151ed7b3899;fec52233-0353-5de8-ae7f-625a15d4fab1;b1c44874-6652-50b6-9ece-3920df941ae1;79fb38d4-86c1-5b6b-a24b-fcbf5101215e;a87b2a66-af29-5616-a157-f5340280a29e;a426a55f-bed8-5d6b-9fc1-5ed821af516d;dcf1e99e-e56f-5514-98a8-225944748408;5c723787-2dbb-56cb-a0e5-3086f4b977ce;61179f05-4be1-5cc9-b17c-847c81a67a11;97a023e2-3ba0-50b9-ac36-d1a26df99ba3;f3ea54e8-9d48-5a5e-bdd9-aedc31ab830b;2e6b9410-d406-5559-b18b-d8b5c52faa85;42567ca1-e2de-5f6f-8ff3-a62dcb147618;32c701f3-3b28-58d4-9a23-1c7ed7381b3c;c7d2a7e7-d67b-5ba6-ab77-4f6c03cf45b0;98dccda9-f7be-55a6-b56a-19607e32f5a4;84466db6-10d4-5894-8f3f-31173deb8983;1e5921d6-accb-5957-9295-45b8fe895155;530bc3f3-68c0-5b09-89f1-f1874f667df4;3060f717-d6ca-5dc3-9b7d-2866510317a7;8f654b0c-f303-5bd2-86bf-4218910b5703;79ac3a1a-4491-5b72-87b6-8e97c070bbdf;50743171-2e42-5c3a-b6f9-ebc7b962e1d3;248742d6-e115-5d38-b95c-27abb40ae48e;d54b5eb4-153e-5c1b-9d69-0a54977ca285;4d4c9767-410f-58c7-8e8f-f5bcc7fcb4f0;84c44a76-8fdf-5bb3-98eb-f476e28d0cd8;d5e5f164-a59d-5f51-8c17-4d69a20794d3;12ae8326-bc7a-5ddd-b248-ba777a457a6c;12d892de-1c99-59f3-b38d-0d43fd03fa7a;ec48e019-2524-5a8f-87d4-0610a6e223e5;6cab0e95-096a-57a2-ba3c-c8ba60686d04;cce9f650-ced9-557d-805f-f00501f47cc5;d258910d-6bfa-55e4-b4e4-9ca792b6091b;24a1f990-606d-5e5b-b665-9c86ec5786d7;af30eac8-7e1e-583a-a0cf-d142ff79c161;f2f097b3-8ff4-559d-b6c7-fa0362755064;692927bf-fdc3-560d-b9af-be0ca1bf0d70;e676a2bf-fc28-5754-bd53-27e2b33cbbe5;473defe0-9ef4-5a79-86be-5eb47c5c95c1;f93d5f63-04b9-5df0-a92c-67973d76a616,,,
